id,round,mode,geometry,layers,reverse,epoch,blocks_q,blocks_k,lds,queue_id,queue_size,first,last,read_before,wrapped,doorbells,overlap_layers,trace,states,packets,correct
0,0,serial,one_block,1,0,1,1,1,512,1,4096,8190,8192,8190,1,1,0,trial-0-samples.bin,trial-0-states.bin,trial-0-packets.bin,1
1,0,parallel,one_block,1,0,2,1,1,512,1,4096,8193,8195,8193,0,1,0,trial-1-samples.bin,trial-1-states.bin,trial-1-packets.bin,1
2,0,serial,one_block,1,1,3,1,1,512,1,4096,8196,8198,8196,0,1,0,trial-2-samples.bin,trial-2-states.bin,trial-2-packets.bin,1
3,0,parallel,one_block,1,1,4,1,1,512,1,4096,8199,8201,8199,0,1,0,trial-3-samples.bin,trial-3-states.bin,trial-3-packets.bin,1
4,0,serial,one_block,8,0,5,1,1,512,1,4096,8202,8225,8202,0,1,0,trial-4-samples.bin,trial-4-states.bin,trial-4-packets.bin,1
5,0,parallel,one_block,8,0,6,1,1,512,1,4096,8226,8249,8226,0,1,0,trial-5-samples.bin,trial-5-states.bin,trial-5-packets.bin,1
6,0,serial,one_block,8,1,7,1,1,512,1,4096,8250,8273,8250,0,1,0,trial-6-samples.bin,trial-6-states.bin,trial-6-packets.bin,1
7,0,parallel,one_block,8,1,8,1,1,512,1,4096,8274,8297,8274,0,1,0,trial-7-samples.bin,trial-7-states.bin,trial-7-packets.bin,1
8,0,serial,qk_geometry,1,0,9,256,24,61440,1,4096,8298,8300,8298,0,1,0,trial-8-samples.bin,trial-8-states.bin,trial-8-packets.bin,1
9,0,parallel,qk_geometry,1,0,10,256,24,61440,1,4096,8301,8303,8301,0,1,0,trial-9-samples.bin,trial-9-states.bin,trial-9-packets.bin,1
10,0,serial,qk_geometry,1,1,11,256,24,61440,1,4096,8304,8306,8304,0,1,0,trial-10-samples.bin,trial-10-states.bin,trial-10-packets.bin,1
11,0,parallel,qk_geometry,1,1,12,256,24,61440,1,4096,8307,8309,8307,0,1,0,trial-11-samples.bin,trial-11-states.bin,trial-11-packets.bin,1
12,0,serial,qk_geometry,8,0,13,256,24,61440,1,4096,8310,8333,8310,0,1,0,trial-12-samples.bin,trial-12-states.bin,trial-12-packets.bin,1
13,0,parallel,qk_geometry,8,0,14,256,24,61440,1,4096,8334,8357,8334,0,1,0,trial-13-samples.bin,trial-13-states.bin,trial-13-packets.bin,1
14,0,serial,qk_geometry,8,1,15,256,24,61440,1,4096,8358,8381,8358,0,1,0,trial-14-samples.bin,trial-14-states.bin,trial-14-packets.bin,1
15,0,parallel,qk_geometry,8,1,16,256,24,61440,1,4096,8382,8405,8382,0,1,0,trial-15-samples.bin,trial-15-states.bin,trial-15-packets.bin,1
16,1,parallel,one_block,1,0,17,1,1,512,1,4096,8406,8408,8406,0,1,0,trial-16-samples.bin,trial-16-states.bin,trial-16-packets.bin,1
17,1,serial,one_block,1,0,18,1,1,512,1,4096,8409,8411,8409,0,1,0,trial-17-samples.bin,trial-17-states.bin,trial-17-packets.bin,1
18,1,parallel,one_block,1,1,19,1,1,512,1,4096,8412,8414,8412,0,1,0,trial-18-samples.bin,trial-18-states.bin,trial-18-packets.bin,1
19,1,serial,one_block,1,1,20,1,1,512,1,4096,8415,8417,8415,0,1,0,trial-19-samples.bin,trial-19-states.bin,trial-19-packets.bin,1
20,1,parallel,one_block,8,0,21,1,1,512,1,4096,8418,8441,8418,0,1,0,trial-20-samples.bin,trial-20-states.bin,trial-20-packets.bin,1
21,1,serial,one_block,8,0,22,1,1,512,1,4096,8442,8465,8442,0,1,0,trial-21-samples.bin,trial-21-states.bin,trial-21-packets.bin,1
22,1,parallel,one_block,8,1,23,1,1,512,1,4096,8466,8489,8466,0,1,0,trial-22-samples.bin,trial-22-states.bin,trial-22-packets.bin,1
23,1,serial,one_block,8,1,24,1,1,512,1,4096,8490,8513,8490,0,1,0,trial-23-samples.bin,trial-23-states.bin,trial-23-packets.bin,1
24,1,parallel,qk_geometry,1,0,25,256,24,61440,1,4096,8514,8516,8514,0,1,0,trial-24-samples.bin,trial-24-states.bin,trial-24-packets.bin,1
25,1,serial,qk_geometry,1,0,26,256,24,61440,1,4096,8517,8519,8517,0,1,0,trial-25-samples.bin,trial-25-states.bin,trial-25-packets.bin,1
26,1,parallel,qk_geometry,1,1,27,256,24,61440,1,4096,8520,8522,8520,0,1,0,trial-26-samples.bin,trial-26-states.bin,trial-26-packets.bin,1
27,1,serial,qk_geometry,1,1,28,256,24,61440,1,4096,8523,8525,8523,0,1,0,trial-27-samples.bin,trial-27-states.bin,trial-27-packets.bin,1
28,1,parallel,qk_geometry,8,0,29,256,24,61440,1,4096,8526,8549,8526,0,1,0,trial-28-samples.bin,trial-28-states.bin,trial-28-packets.bin,1
29,1,serial,qk_geometry,8,0,30,256,24,61440,1,4096,8550,8573,8550,0,1,0,trial-29-samples.bin,trial-29-states.bin,trial-29-packets.bin,1
30,1,parallel,qk_geometry,8,1,31,256,24,61440,1,4096,8574,8597,8574,0,1,0,trial-30-samples.bin,trial-30-states.bin,trial-30-packets.bin,1
31,1,serial,qk_geometry,8,1,32,256,24,61440,1,4096,8598,8621,8598,0,1,0,trial-31-samples.bin,trial-31-states.bin,trial-31-packets.bin,1
32,2,serial,one_block,1,0,33,1,1,512,1,4096,8622,8624,8622,0,1,0,trial-32-samples.bin,trial-32-states.bin,trial-32-packets.bin,1
33,2,parallel,one_block,1,0,34,1,1,512,1,4096,8625,8627,8625,0,1,0,trial-33-samples.bin,trial-33-states.bin,trial-33-packets.bin,1
34,2,serial,one_block,1,1,35,1,1,512,1,4096,8628,8630,8628,0,1,0,trial-34-samples.bin,trial-34-states.bin,trial-34-packets.bin,1
35,2,parallel,one_block,1,1,36,1,1,512,1,4096,8631,8633,8631,0,1,0,trial-35-samples.bin,trial-35-states.bin,trial-35-packets.bin,1
36,2,serial,one_block,8,0,37,1,1,512,1,4096,8634,8657,8634,0,1,0,trial-36-samples.bin,trial-36-states.bin,trial-36-packets.bin,1
37,2,parallel,one_block,8,0,38,1,1,512,1,4096,8658,8681,8658,0,1,0,trial-37-samples.bin,trial-37-states.bin,trial-37-packets.bin,1
38,2,serial,one_block,8,1,39,1,1,512,1,4096,8682,8705,8682,0,1,0,trial-38-samples.bin,trial-38-states.bin,trial-38-packets.bin,1
39,2,parallel,one_block,8,1,40,1,1,512,1,4096,8706,8729,8706,0,1,0,trial-39-samples.bin,trial-39-states.bin,trial-39-packets.bin,1
40,2,serial,qk_geometry,1,0,41,256,24,61440,1,4096,8730,8732,8730,0,1,0,trial-40-samples.bin,trial-40-states.bin,trial-40-packets.bin,1
41,2,parallel,qk_geometry,1,0,42,256,24,61440,1,4096,8733,8735,8733,0,1,0,trial-41-samples.bin,trial-41-states.bin,trial-41-packets.bin,1
42,2,serial,qk_geometry,1,1,43,256,24,61440,1,4096,8736,8738,8736,0,1,0,trial-42-samples.bin,trial-42-states.bin,trial-42-packets.bin,1
43,2,parallel,qk_geometry,1,1,44,256,24,61440,1,4096,8739,8741,8739,0,1,0,trial-43-samples.bin,trial-43-states.bin,trial-43-packets.bin,1
44,2,serial,qk_geometry,8,0,45,256,24,61440,1,4096,8742,8765,8742,0,1,0,trial-44-samples.bin,trial-44-states.bin,trial-44-packets.bin,1
45,2,parallel,qk_geometry,8,0,46,256,24,61440,1,4096,8766,8789,8766,0,1,0,trial-45-samples.bin,trial-45-states.bin,trial-45-packets.bin,1
46,2,serial,qk_geometry,8,1,47,256,24,61440,1,4096,8790,8813,8790,0,1,0,trial-46-samples.bin,trial-46-states.bin,trial-46-packets.bin,1
47,2,parallel,qk_geometry,8,1,48,256,24,61440,1,4096,8814,8837,8814,0,1,0,trial-47-samples.bin,trial-47-states.bin,trial-47-packets.bin,1
48,3,parallel,one_block,1,0,49,1,1,512,1,4096,8838,8840,8838,0,1,0,trial-48-samples.bin,trial-48-states.bin,trial-48-packets.bin,1
49,3,serial,one_block,1,0,50,1,1,512,1,4096,8841,8843,8841,0,1,0,trial-49-samples.bin,trial-49-states.bin,trial-49-packets.bin,1
50,3,parallel,one_block,1,1,51,1,1,512,1,4096,8844,8846,8844,0,1,0,trial-50-samples.bin,trial-50-states.bin,trial-50-packets.bin,1
51,3,serial,one_block,1,1,52,1,1,512,1,4096,8847,8849,8847,0,1,0,trial-51-samples.bin,trial-51-states.bin,trial-51-packets.bin,1
52,3,parallel,one_block,8,0,53,1,1,512,1,4096,8850,8873,8850,0,1,0,trial-52-samples.bin,trial-52-states.bin,trial-52-packets.bin,1
53,3,serial,one_block,8,0,54,1,1,512,1,4096,8874,8897,8874,0,1,0,trial-53-samples.bin,trial-53-states.bin,trial-53-packets.bin,1
54,3,parallel,one_block,8,1,55,1,1,512,1,4096,8898,8921,8898,0,1,0,trial-54-samples.bin,trial-54-states.bin,trial-54-packets.bin,1
55,3,serial,one_block,8,1,56,1,1,512,1,4096,8922,8945,8922,0,1,0,trial-55-samples.bin,trial-55-states.bin,trial-55-packets.bin,1
56,3,parallel,qk_geometry,1,0,57,256,24,61440,1,4096,8946,8948,8946,0,1,0,trial-56-samples.bin,trial-56-states.bin,trial-56-packets.bin,1
57,3,serial,qk_geometry,1,0,58,256,24,61440,1,4096,8949,8951,8949,0,1,0,trial-57-samples.bin,trial-57-states.bin,trial-57-packets.bin,1
58,3,parallel,qk_geometry,1,1,59,256,24,61440,1,4096,8952,8954,8952,0,1,0,trial-58-samples.bin,trial-58-states.bin,trial-58-packets.bin,1
59,3,serial,qk_geometry,1,1,60,256,24,61440,1,4096,8955,8957,8955,0,1,0,trial-59-samples.bin,trial-59-states.bin,trial-59-packets.bin,1
60,3,parallel,qk_geometry,8,0,61,256,24,61440,1,4096,8958,8981,8958,0,1,0,trial-60-samples.bin,trial-60-states.bin,trial-60-packets.bin,1
61,3,serial,qk_geometry,8,0,62,256,24,61440,1,4096,8982,9005,8982,0,1,0,trial-61-samples.bin,trial-61-states.bin,trial-61-packets.bin,1
62,3,parallel,qk_geometry,8,1,63,256,24,61440,1,4096,9006,9029,9006,0,1,0,trial-62-samples.bin,trial-62-states.bin,trial-62-packets.bin,1
63,3,serial,qk_geometry,8,1,64,256,24,61440,1,4096,9030,9053,9030,0,1,0,trial-63-samples.bin,trial-63-states.bin,trial-63-packets.bin,1
