id,round,case,geometry,reverse,epoch,blocks_q,blocks_k,lds,a0,r0,a1,r1,first_ordered,serial,two_queues,queue0,queue1,first0,last0,first1,last1,doorbells,overlap,trace,states,packets0,packets1,correct
0,0,edge_r2_a2,one_block,0,1,1,1,512,2,2,2,2,1,0,0,1,0,0,3,0,0,1,0,trial-0-samples.bin,trial-0-states.bin,trial-0-packets0.bin,,1
1,0,edge_r2_a1,one_block,0,2,1,1,512,2,2,1,2,1,0,0,1,0,4,7,0,0,1,0,trial-1-samples.bin,trial-1-states.bin,trial-1-packets0.bin,,1
2,0,edge_r2_a0,one_block,0,3,1,1,512,2,2,0,2,1,0,0,1,0,8,11,0,0,1,0,trial-2-samples.bin,trial-2-states.bin,trial-2-packets0.bin,,1
3,0,edge_r1_a2,one_block,0,4,1,1,512,2,1,2,2,1,0,0,1,0,12,15,0,0,1,0,trial-3-samples.bin,trial-3-states.bin,trial-3-packets0.bin,,1
4,0,edge_r1_a1,one_block,0,5,1,1,512,2,1,1,2,1,0,0,1,0,16,19,0,0,1,0,trial-4-samples.bin,trial-4-states.bin,trial-4-packets0.bin,,1
5,0,edge_r1_a0,one_block,0,6,1,1,512,2,1,0,2,1,0,0,1,0,20,23,0,0,1,0,trial-5-samples.bin,trial-5-states.bin,trial-5-packets0.bin,,1
6,0,edge_r0_a2,one_block,0,7,1,1,512,2,0,2,2,1,0,0,1,0,24,27,0,0,1,0,trial-6-samples.bin,trial-6-states.bin,trial-6-packets0.bin,,1
7,0,edge_r0_a1,one_block,0,8,1,1,512,2,0,1,2,1,0,0,1,0,28,31,0,0,1,0,trial-7-samples.bin,trial-7-states.bin,trial-7-packets0.bin,,1
8,0,edge_r0_a0,one_block,0,9,1,1,512,2,0,0,2,1,0,0,1,0,32,35,0,0,1,0,trial-8-samples.bin,trial-8-states.bin,trial-8-packets0.bin,,1
9,0,agent_pair,one_block,0,10,1,1,512,1,1,1,1,1,0,0,1,0,36,39,0,0,1,0,trial-9-samples.bin,trial-9-states.bin,trial-9-packets0.bin,,1
10,0,none_pair,one_block,0,11,1,1,512,0,0,0,0,1,0,0,1,0,40,43,0,0,1,0,trial-10-samples.bin,trial-10-states.bin,trial-10-packets0.bin,,1
11,0,none_pair_first_unordered,one_block,0,12,1,1,512,0,0,0,0,0,0,0,1,0,44,47,0,0,1,0,trial-11-samples.bin,trial-11-states.bin,trial-11-packets0.bin,,1
12,0,agent_pair_first_unordered,one_block,0,13,1,1,512,1,1,1,1,0,0,0,1,0,48,51,0,0,1,0,trial-12-samples.bin,trial-12-states.bin,trial-12-packets0.bin,,1
13,0,system_pair_first_unordered,one_block,0,14,1,1,512,2,2,2,2,0,0,0,1,0,52,55,0,0,1,0,trial-13-samples.bin,trial-13-states.bin,trial-13-packets0.bin,,1
14,0,serial_system,one_block,0,15,1,1,512,2,2,2,2,1,1,0,1,0,56,59,0,0,1,0,trial-14-samples.bin,trial-14-states.bin,trial-14-packets0.bin,,1
15,0,serial_none,one_block,0,16,1,1,512,0,0,0,0,1,1,0,1,0,60,63,0,0,1,0,trial-15-samples.bin,trial-15-states.bin,trial-15-packets0.bin,,1
16,0,two_queue_system,one_block,0,17,1,1,512,2,2,2,2,1,0,1,1,2,64,66,0,2,2,1,trial-16-samples.bin,trial-16-states.bin,trial-16-packets0.bin,trial-16-packets1.bin,1
17,0,edge_r2_a2,one_block,1,18,1,1,512,2,2,2,2,1,0,0,1,0,67,70,0,0,1,0,trial-17-samples.bin,trial-17-states.bin,trial-17-packets0.bin,,1
18,0,edge_r2_a1,one_block,1,19,1,1,512,2,2,1,2,1,0,0,1,0,71,74,0,0,1,0,trial-18-samples.bin,trial-18-states.bin,trial-18-packets0.bin,,1
19,0,edge_r2_a0,one_block,1,20,1,1,512,2,2,0,2,1,0,0,1,0,75,78,0,0,1,0,trial-19-samples.bin,trial-19-states.bin,trial-19-packets0.bin,,1
20,0,edge_r1_a2,one_block,1,21,1,1,512,2,1,2,2,1,0,0,1,0,79,82,0,0,1,0,trial-20-samples.bin,trial-20-states.bin,trial-20-packets0.bin,,1
21,0,edge_r1_a1,one_block,1,22,1,1,512,2,1,1,2,1,0,0,1,0,83,86,0,0,1,0,trial-21-samples.bin,trial-21-states.bin,trial-21-packets0.bin,,1
22,0,edge_r1_a0,one_block,1,23,1,1,512,2,1,0,2,1,0,0,1,0,87,90,0,0,1,0,trial-22-samples.bin,trial-22-states.bin,trial-22-packets0.bin,,1
23,0,edge_r0_a2,one_block,1,24,1,1,512,2,0,2,2,1,0,0,1,0,91,94,0,0,1,0,trial-23-samples.bin,trial-23-states.bin,trial-23-packets0.bin,,1
24,0,edge_r0_a1,one_block,1,25,1,1,512,2,0,1,2,1,0,0,1,0,95,98,0,0,1,0,trial-24-samples.bin,trial-24-states.bin,trial-24-packets0.bin,,1
25,0,edge_r0_a0,one_block,1,26,1,1,512,2,0,0,2,1,0,0,1,0,99,102,0,0,1,0,trial-25-samples.bin,trial-25-states.bin,trial-25-packets0.bin,,1
26,0,agent_pair,one_block,1,27,1,1,512,1,1,1,1,1,0,0,1,0,103,106,0,0,1,0,trial-26-samples.bin,trial-26-states.bin,trial-26-packets0.bin,,1
27,0,none_pair,one_block,1,28,1,1,512,0,0,0,0,1,0,0,1,0,107,110,0,0,1,0,trial-27-samples.bin,trial-27-states.bin,trial-27-packets0.bin,,1
28,0,none_pair_first_unordered,one_block,1,29,1,1,512,0,0,0,0,0,0,0,1,0,111,114,0,0,1,0,trial-28-samples.bin,trial-28-states.bin,trial-28-packets0.bin,,1
29,0,agent_pair_first_unordered,one_block,1,30,1,1,512,1,1,1,1,0,0,0,1,0,115,118,0,0,1,0,trial-29-samples.bin,trial-29-states.bin,trial-29-packets0.bin,,1
30,0,system_pair_first_unordered,one_block,1,31,1,1,512,2,2,2,2,0,0,0,1,0,119,122,0,0,1,0,trial-30-samples.bin,trial-30-states.bin,trial-30-packets0.bin,,1
31,0,serial_system,one_block,1,32,1,1,512,2,2,2,2,1,1,0,1,0,123,126,0,0,1,0,trial-31-samples.bin,trial-31-states.bin,trial-31-packets0.bin,,1
32,0,serial_none,one_block,1,33,1,1,512,0,0,0,0,1,1,0,1,0,127,130,0,0,1,0,trial-32-samples.bin,trial-32-states.bin,trial-32-packets0.bin,,1
33,0,two_queue_system,one_block,1,34,1,1,512,2,2,2,2,1,0,1,1,2,131,133,3,5,2,1,trial-33-samples.bin,trial-33-states.bin,trial-33-packets0.bin,trial-33-packets1.bin,1
34,0,edge_r2_a2,qk_geometry,0,35,256,24,61440,2,2,2,2,1,0,0,1,0,134,137,0,0,1,0,trial-34-samples.bin,trial-34-states.bin,trial-34-packets0.bin,,1
35,0,edge_r2_a1,qk_geometry,0,36,256,24,61440,2,2,1,2,1,0,0,1,0,138,141,0,0,1,0,trial-35-samples.bin,trial-35-states.bin,trial-35-packets0.bin,,1
36,0,edge_r2_a0,qk_geometry,0,37,256,24,61440,2,2,0,2,1,0,0,1,0,142,145,0,0,1,0,trial-36-samples.bin,trial-36-states.bin,trial-36-packets0.bin,,1
37,0,edge_r1_a2,qk_geometry,0,38,256,24,61440,2,1,2,2,1,0,0,1,0,146,149,0,0,1,0,trial-37-samples.bin,trial-37-states.bin,trial-37-packets0.bin,,1
38,0,edge_r1_a1,qk_geometry,0,39,256,24,61440,2,1,1,2,1,0,0,1,0,150,153,0,0,1,0,trial-38-samples.bin,trial-38-states.bin,trial-38-packets0.bin,,1
39,0,edge_r1_a0,qk_geometry,0,40,256,24,61440,2,1,0,2,1,0,0,1,0,154,157,0,0,1,0,trial-39-samples.bin,trial-39-states.bin,trial-39-packets0.bin,,1
40,0,edge_r0_a2,qk_geometry,0,41,256,24,61440,2,0,2,2,1,0,0,1,0,158,161,0,0,1,0,trial-40-samples.bin,trial-40-states.bin,trial-40-packets0.bin,,1
41,0,edge_r0_a1,qk_geometry,0,42,256,24,61440,2,0,1,2,1,0,0,1,0,162,165,0,0,1,0,trial-41-samples.bin,trial-41-states.bin,trial-41-packets0.bin,,1
42,0,edge_r0_a0,qk_geometry,0,43,256,24,61440,2,0,0,2,1,0,0,1,0,166,169,0,0,1,0,trial-42-samples.bin,trial-42-states.bin,trial-42-packets0.bin,,1
43,0,agent_pair,qk_geometry,0,44,256,24,61440,1,1,1,1,1,0,0,1,0,170,173,0,0,1,0,trial-43-samples.bin,trial-43-states.bin,trial-43-packets0.bin,,1
44,0,none_pair,qk_geometry,0,45,256,24,61440,0,0,0,0,1,0,0,1,0,174,177,0,0,1,0,trial-44-samples.bin,trial-44-states.bin,trial-44-packets0.bin,,1
45,0,none_pair_first_unordered,qk_geometry,0,46,256,24,61440,0,0,0,0,0,0,0,1,0,178,181,0,0,1,0,trial-45-samples.bin,trial-45-states.bin,trial-45-packets0.bin,,1
46,0,agent_pair_first_unordered,qk_geometry,0,47,256,24,61440,1,1,1,1,0,0,0,1,0,182,185,0,0,1,0,trial-46-samples.bin,trial-46-states.bin,trial-46-packets0.bin,,1
47,0,system_pair_first_unordered,qk_geometry,0,48,256,24,61440,2,2,2,2,0,0,0,1,0,186,189,0,0,1,0,trial-47-samples.bin,trial-47-states.bin,trial-47-packets0.bin,,1
48,0,serial_system,qk_geometry,0,49,256,24,61440,2,2,2,2,1,1,0,1,0,190,193,0,0,1,0,trial-48-samples.bin,trial-48-states.bin,trial-48-packets0.bin,,1
49,0,serial_none,qk_geometry,0,50,256,24,61440,0,0,0,0,1,1,0,1,0,194,197,0,0,1,0,trial-49-samples.bin,trial-49-states.bin,trial-49-packets0.bin,,1
50,0,two_queue_system,qk_geometry,0,51,256,24,61440,2,2,2,2,1,0,1,1,2,198,200,6,8,2,1,trial-50-samples.bin,trial-50-states.bin,trial-50-packets0.bin,trial-50-packets1.bin,1
51,0,edge_r2_a2,qk_geometry,1,52,256,24,61440,2,2,2,2,1,0,0,1,0,201,204,0,0,1,0,trial-51-samples.bin,trial-51-states.bin,trial-51-packets0.bin,,1
52,0,edge_r2_a1,qk_geometry,1,53,256,24,61440,2,2,1,2,1,0,0,1,0,205,208,0,0,1,0,trial-52-samples.bin,trial-52-states.bin,trial-52-packets0.bin,,1
53,0,edge_r2_a0,qk_geometry,1,54,256,24,61440,2,2,0,2,1,0,0,1,0,209,212,0,0,1,0,trial-53-samples.bin,trial-53-states.bin,trial-53-packets0.bin,,1
54,0,edge_r1_a2,qk_geometry,1,55,256,24,61440,2,1,2,2,1,0,0,1,0,213,216,0,0,1,0,trial-54-samples.bin,trial-54-states.bin,trial-54-packets0.bin,,1
55,0,edge_r1_a1,qk_geometry,1,56,256,24,61440,2,1,1,2,1,0,0,1,0,217,220,0,0,1,0,trial-55-samples.bin,trial-55-states.bin,trial-55-packets0.bin,,1
56,0,edge_r1_a0,qk_geometry,1,57,256,24,61440,2,1,0,2,1,0,0,1,0,221,224,0,0,1,0,trial-56-samples.bin,trial-56-states.bin,trial-56-packets0.bin,,1
57,0,edge_r0_a2,qk_geometry,1,58,256,24,61440,2,0,2,2,1,0,0,1,0,225,228,0,0,1,0,trial-57-samples.bin,trial-57-states.bin,trial-57-packets0.bin,,1
58,0,edge_r0_a1,qk_geometry,1,59,256,24,61440,2,0,1,2,1,0,0,1,0,229,232,0,0,1,0,trial-58-samples.bin,trial-58-states.bin,trial-58-packets0.bin,,1
59,0,edge_r0_a0,qk_geometry,1,60,256,24,61440,2,0,0,2,1,0,0,1,0,233,236,0,0,1,0,trial-59-samples.bin,trial-59-states.bin,trial-59-packets0.bin,,1
60,0,agent_pair,qk_geometry,1,61,256,24,61440,1,1,1,1,1,0,0,1,0,237,240,0,0,1,0,trial-60-samples.bin,trial-60-states.bin,trial-60-packets0.bin,,1
61,0,none_pair,qk_geometry,1,62,256,24,61440,0,0,0,0,1,0,0,1,0,241,244,0,0,1,0,trial-61-samples.bin,trial-61-states.bin,trial-61-packets0.bin,,1
62,0,none_pair_first_unordered,qk_geometry,1,63,256,24,61440,0,0,0,0,0,0,0,1,0,245,248,0,0,1,0,trial-62-samples.bin,trial-62-states.bin,trial-62-packets0.bin,,1
63,0,agent_pair_first_unordered,qk_geometry,1,64,256,24,61440,1,1,1,1,0,0,0,1,0,249,252,0,0,1,0,trial-63-samples.bin,trial-63-states.bin,trial-63-packets0.bin,,1
64,0,system_pair_first_unordered,qk_geometry,1,65,256,24,61440,2,2,2,2,0,0,0,1,0,253,256,0,0,1,0,trial-64-samples.bin,trial-64-states.bin,trial-64-packets0.bin,,1
65,0,serial_system,qk_geometry,1,66,256,24,61440,2,2,2,2,1,1,0,1,0,257,260,0,0,1,0,trial-65-samples.bin,trial-65-states.bin,trial-65-packets0.bin,,1
66,0,serial_none,qk_geometry,1,67,256,24,61440,0,0,0,0,1,1,0,1,0,261,264,0,0,1,0,trial-66-samples.bin,trial-66-states.bin,trial-66-packets0.bin,,1
67,0,two_queue_system,qk_geometry,1,68,256,24,61440,2,2,2,2,1,0,1,1,2,265,267,9,11,2,1,trial-67-samples.bin,trial-67-states.bin,trial-67-packets0.bin,trial-67-packets1.bin,1
68,1,two_queue_system,one_block,0,69,1,1,512,2,2,2,2,1,0,1,1,2,268,270,12,14,2,1,trial-68-samples.bin,trial-68-states.bin,trial-68-packets0.bin,trial-68-packets1.bin,1
69,1,serial_none,one_block,0,70,1,1,512,0,0,0,0,1,1,0,1,0,271,274,0,0,1,0,trial-69-samples.bin,trial-69-states.bin,trial-69-packets0.bin,,1
70,1,serial_system,one_block,0,71,1,1,512,2,2,2,2,1,1,0,1,0,275,278,0,0,1,0,trial-70-samples.bin,trial-70-states.bin,trial-70-packets0.bin,,1
71,1,system_pair_first_unordered,one_block,0,72,1,1,512,2,2,2,2,0,0,0,1,0,279,282,0,0,1,0,trial-71-samples.bin,trial-71-states.bin,trial-71-packets0.bin,,1
72,1,agent_pair_first_unordered,one_block,0,73,1,1,512,1,1,1,1,0,0,0,1,0,283,286,0,0,1,0,trial-72-samples.bin,trial-72-states.bin,trial-72-packets0.bin,,1
73,1,none_pair_first_unordered,one_block,0,74,1,1,512,0,0,0,0,0,0,0,1,0,287,290,0,0,1,0,trial-73-samples.bin,trial-73-states.bin,trial-73-packets0.bin,,1
74,1,none_pair,one_block,0,75,1,1,512,0,0,0,0,1,0,0,1,0,291,294,0,0,1,0,trial-74-samples.bin,trial-74-states.bin,trial-74-packets0.bin,,1
75,1,agent_pair,one_block,0,76,1,1,512,1,1,1,1,1,0,0,1,0,295,298,0,0,1,0,trial-75-samples.bin,trial-75-states.bin,trial-75-packets0.bin,,1
76,1,edge_r0_a0,one_block,0,77,1,1,512,2,0,0,2,1,0,0,1,0,299,302,0,0,1,0,trial-76-samples.bin,trial-76-states.bin,trial-76-packets0.bin,,1
77,1,edge_r0_a1,one_block,0,78,1,1,512,2,0,1,2,1,0,0,1,0,303,306,0,0,1,0,trial-77-samples.bin,trial-77-states.bin,trial-77-packets0.bin,,1
78,1,edge_r0_a2,one_block,0,79,1,1,512,2,0,2,2,1,0,0,1,0,307,310,0,0,1,0,trial-78-samples.bin,trial-78-states.bin,trial-78-packets0.bin,,1
79,1,edge_r1_a0,one_block,0,80,1,1,512,2,1,0,2,1,0,0,1,0,311,314,0,0,1,0,trial-79-samples.bin,trial-79-states.bin,trial-79-packets0.bin,,1
80,1,edge_r1_a1,one_block,0,81,1,1,512,2,1,1,2,1,0,0,1,0,315,318,0,0,1,0,trial-80-samples.bin,trial-80-states.bin,trial-80-packets0.bin,,1
81,1,edge_r1_a2,one_block,0,82,1,1,512,2,1,2,2,1,0,0,1,0,319,322,0,0,1,0,trial-81-samples.bin,trial-81-states.bin,trial-81-packets0.bin,,1
82,1,edge_r2_a0,one_block,0,83,1,1,512,2,2,0,2,1,0,0,1,0,323,326,0,0,1,0,trial-82-samples.bin,trial-82-states.bin,trial-82-packets0.bin,,1
83,1,edge_r2_a1,one_block,0,84,1,1,512,2,2,1,2,1,0,0,1,0,327,330,0,0,1,0,trial-83-samples.bin,trial-83-states.bin,trial-83-packets0.bin,,1
84,1,edge_r2_a2,one_block,0,85,1,1,512,2,2,2,2,1,0,0,1,0,331,334,0,0,1,0,trial-84-samples.bin,trial-84-states.bin,trial-84-packets0.bin,,1
85,1,two_queue_system,one_block,1,86,1,1,512,2,2,2,2,1,0,1,1,2,335,337,15,17,2,1,trial-85-samples.bin,trial-85-states.bin,trial-85-packets0.bin,trial-85-packets1.bin,1
86,1,serial_none,one_block,1,87,1,1,512,0,0,0,0,1,1,0,1,0,338,341,0,0,1,0,trial-86-samples.bin,trial-86-states.bin,trial-86-packets0.bin,,1
87,1,serial_system,one_block,1,88,1,1,512,2,2,2,2,1,1,0,1,0,342,345,0,0,1,0,trial-87-samples.bin,trial-87-states.bin,trial-87-packets0.bin,,1
88,1,system_pair_first_unordered,one_block,1,89,1,1,512,2,2,2,2,0,0,0,1,0,346,349,0,0,1,0,trial-88-samples.bin,trial-88-states.bin,trial-88-packets0.bin,,1
89,1,agent_pair_first_unordered,one_block,1,90,1,1,512,1,1,1,1,0,0,0,1,0,350,353,0,0,1,0,trial-89-samples.bin,trial-89-states.bin,trial-89-packets0.bin,,1
90,1,none_pair_first_unordered,one_block,1,91,1,1,512,0,0,0,0,0,0,0,1,0,354,357,0,0,1,0,trial-90-samples.bin,trial-90-states.bin,trial-90-packets0.bin,,1
91,1,none_pair,one_block,1,92,1,1,512,0,0,0,0,1,0,0,1,0,358,361,0,0,1,0,trial-91-samples.bin,trial-91-states.bin,trial-91-packets0.bin,,1
92,1,agent_pair,one_block,1,93,1,1,512,1,1,1,1,1,0,0,1,0,362,365,0,0,1,0,trial-92-samples.bin,trial-92-states.bin,trial-92-packets0.bin,,1
93,1,edge_r0_a0,one_block,1,94,1,1,512,2,0,0,2,1,0,0,1,0,366,369,0,0,1,0,trial-93-samples.bin,trial-93-states.bin,trial-93-packets0.bin,,1
94,1,edge_r0_a1,one_block,1,95,1,1,512,2,0,1,2,1,0,0,1,0,370,373,0,0,1,0,trial-94-samples.bin,trial-94-states.bin,trial-94-packets0.bin,,1
95,1,edge_r0_a2,one_block,1,96,1,1,512,2,0,2,2,1,0,0,1,0,374,377,0,0,1,0,trial-95-samples.bin,trial-95-states.bin,trial-95-packets0.bin,,1
96,1,edge_r1_a0,one_block,1,97,1,1,512,2,1,0,2,1,0,0,1,0,378,381,0,0,1,0,trial-96-samples.bin,trial-96-states.bin,trial-96-packets0.bin,,1
97,1,edge_r1_a1,one_block,1,98,1,1,512,2,1,1,2,1,0,0,1,0,382,385,0,0,1,0,trial-97-samples.bin,trial-97-states.bin,trial-97-packets0.bin,,1
98,1,edge_r1_a2,one_block,1,99,1,1,512,2,1,2,2,1,0,0,1,0,386,389,0,0,1,0,trial-98-samples.bin,trial-98-states.bin,trial-98-packets0.bin,,1
99,1,edge_r2_a0,one_block,1,100,1,1,512,2,2,0,2,1,0,0,1,0,390,393,0,0,1,0,trial-99-samples.bin,trial-99-states.bin,trial-99-packets0.bin,,1
100,1,edge_r2_a1,one_block,1,101,1,1,512,2,2,1,2,1,0,0,1,0,394,397,0,0,1,0,trial-100-samples.bin,trial-100-states.bin,trial-100-packets0.bin,,1
101,1,edge_r2_a2,one_block,1,102,1,1,512,2,2,2,2,1,0,0,1,0,398,401,0,0,1,0,trial-101-samples.bin,trial-101-states.bin,trial-101-packets0.bin,,1
102,1,two_queue_system,qk_geometry,0,103,256,24,61440,2,2,2,2,1,0,1,1,2,402,404,18,20,2,1,trial-102-samples.bin,trial-102-states.bin,trial-102-packets0.bin,trial-102-packets1.bin,1
103,1,serial_none,qk_geometry,0,104,256,24,61440,0,0,0,0,1,1,0,1,0,405,408,0,0,1,0,trial-103-samples.bin,trial-103-states.bin,trial-103-packets0.bin,,1
104,1,serial_system,qk_geometry,0,105,256,24,61440,2,2,2,2,1,1,0,1,0,409,412,0,0,1,0,trial-104-samples.bin,trial-104-states.bin,trial-104-packets0.bin,,1
105,1,system_pair_first_unordered,qk_geometry,0,106,256,24,61440,2,2,2,2,0,0,0,1,0,413,416,0,0,1,0,trial-105-samples.bin,trial-105-states.bin,trial-105-packets0.bin,,1
106,1,agent_pair_first_unordered,qk_geometry,0,107,256,24,61440,1,1,1,1,0,0,0,1,0,417,420,0,0,1,0,trial-106-samples.bin,trial-106-states.bin,trial-106-packets0.bin,,1
107,1,none_pair_first_unordered,qk_geometry,0,108,256,24,61440,0,0,0,0,0,0,0,1,0,421,424,0,0,1,0,trial-107-samples.bin,trial-107-states.bin,trial-107-packets0.bin,,1
108,1,none_pair,qk_geometry,0,109,256,24,61440,0,0,0,0,1,0,0,1,0,425,428,0,0,1,0,trial-108-samples.bin,trial-108-states.bin,trial-108-packets0.bin,,1
109,1,agent_pair,qk_geometry,0,110,256,24,61440,1,1,1,1,1,0,0,1,0,429,432,0,0,1,0,trial-109-samples.bin,trial-109-states.bin,trial-109-packets0.bin,,1
110,1,edge_r0_a0,qk_geometry,0,111,256,24,61440,2,0,0,2,1,0,0,1,0,433,436,0,0,1,0,trial-110-samples.bin,trial-110-states.bin,trial-110-packets0.bin,,1
111,1,edge_r0_a1,qk_geometry,0,112,256,24,61440,2,0,1,2,1,0,0,1,0,437,440,0,0,1,0,trial-111-samples.bin,trial-111-states.bin,trial-111-packets0.bin,,1
112,1,edge_r0_a2,qk_geometry,0,113,256,24,61440,2,0,2,2,1,0,0,1,0,441,444,0,0,1,0,trial-112-samples.bin,trial-112-states.bin,trial-112-packets0.bin,,1
113,1,edge_r1_a0,qk_geometry,0,114,256,24,61440,2,1,0,2,1,0,0,1,0,445,448,0,0,1,0,trial-113-samples.bin,trial-113-states.bin,trial-113-packets0.bin,,1
114,1,edge_r1_a1,qk_geometry,0,115,256,24,61440,2,1,1,2,1,0,0,1,0,449,452,0,0,1,0,trial-114-samples.bin,trial-114-states.bin,trial-114-packets0.bin,,1
115,1,edge_r1_a2,qk_geometry,0,116,256,24,61440,2,1,2,2,1,0,0,1,0,453,456,0,0,1,0,trial-115-samples.bin,trial-115-states.bin,trial-115-packets0.bin,,1
116,1,edge_r2_a0,qk_geometry,0,117,256,24,61440,2,2,0,2,1,0,0,1,0,457,460,0,0,1,0,trial-116-samples.bin,trial-116-states.bin,trial-116-packets0.bin,,1
117,1,edge_r2_a1,qk_geometry,0,118,256,24,61440,2,2,1,2,1,0,0,1,0,461,464,0,0,1,0,trial-117-samples.bin,trial-117-states.bin,trial-117-packets0.bin,,1
118,1,edge_r2_a2,qk_geometry,0,119,256,24,61440,2,2,2,2,1,0,0,1,0,465,468,0,0,1,0,trial-118-samples.bin,trial-118-states.bin,trial-118-packets0.bin,,1
119,1,two_queue_system,qk_geometry,1,120,256,24,61440,2,2,2,2,1,0,1,1,2,469,471,21,23,2,1,trial-119-samples.bin,trial-119-states.bin,trial-119-packets0.bin,trial-119-packets1.bin,1
120,1,serial_none,qk_geometry,1,121,256,24,61440,0,0,0,0,1,1,0,1,0,472,475,0,0,1,0,trial-120-samples.bin,trial-120-states.bin,trial-120-packets0.bin,,1
121,1,serial_system,qk_geometry,1,122,256,24,61440,2,2,2,2,1,1,0,1,0,476,479,0,0,1,0,trial-121-samples.bin,trial-121-states.bin,trial-121-packets0.bin,,1
122,1,system_pair_first_unordered,qk_geometry,1,123,256,24,61440,2,2,2,2,0,0,0,1,0,480,483,0,0,1,0,trial-122-samples.bin,trial-122-states.bin,trial-122-packets0.bin,,1
123,1,agent_pair_first_unordered,qk_geometry,1,124,256,24,61440,1,1,1,1,0,0,0,1,0,484,487,0,0,1,0,trial-123-samples.bin,trial-123-states.bin,trial-123-packets0.bin,,1
124,1,none_pair_first_unordered,qk_geometry,1,125,256,24,61440,0,0,0,0,0,0,0,1,0,488,491,0,0,1,0,trial-124-samples.bin,trial-124-states.bin,trial-124-packets0.bin,,1
125,1,none_pair,qk_geometry,1,126,256,24,61440,0,0,0,0,1,0,0,1,0,492,495,0,0,1,0,trial-125-samples.bin,trial-125-states.bin,trial-125-packets0.bin,,1
126,1,agent_pair,qk_geometry,1,127,256,24,61440,1,1,1,1,1,0,0,1,0,496,499,0,0,1,0,trial-126-samples.bin,trial-126-states.bin,trial-126-packets0.bin,,1
127,1,edge_r0_a0,qk_geometry,1,128,256,24,61440,2,0,0,2,1,0,0,1,0,500,503,0,0,1,0,trial-127-samples.bin,trial-127-states.bin,trial-127-packets0.bin,,1
128,1,edge_r0_a1,qk_geometry,1,129,256,24,61440,2,0,1,2,1,0,0,1,0,504,507,0,0,1,0,trial-128-samples.bin,trial-128-states.bin,trial-128-packets0.bin,,1
129,1,edge_r0_a2,qk_geometry,1,130,256,24,61440,2,0,2,2,1,0,0,1,0,508,511,0,0,1,0,trial-129-samples.bin,trial-129-states.bin,trial-129-packets0.bin,,1
130,1,edge_r1_a0,qk_geometry,1,131,256,24,61440,2,1,0,2,1,0,0,1,0,512,515,0,0,1,0,trial-130-samples.bin,trial-130-states.bin,trial-130-packets0.bin,,1
131,1,edge_r1_a1,qk_geometry,1,132,256,24,61440,2,1,1,2,1,0,0,1,0,516,519,0,0,1,0,trial-131-samples.bin,trial-131-states.bin,trial-131-packets0.bin,,1
132,1,edge_r1_a2,qk_geometry,1,133,256,24,61440,2,1,2,2,1,0,0,1,0,520,523,0,0,1,0,trial-132-samples.bin,trial-132-states.bin,trial-132-packets0.bin,,1
133,1,edge_r2_a0,qk_geometry,1,134,256,24,61440,2,2,0,2,1,0,0,1,0,524,527,0,0,1,0,trial-133-samples.bin,trial-133-states.bin,trial-133-packets0.bin,,1
134,1,edge_r2_a1,qk_geometry,1,135,256,24,61440,2,2,1,2,1,0,0,1,0,528,531,0,0,1,0,trial-134-samples.bin,trial-134-states.bin,trial-134-packets0.bin,,1
135,1,edge_r2_a2,qk_geometry,1,136,256,24,61440,2,2,2,2,1,0,0,1,0,532,535,0,0,1,0,trial-135-samples.bin,trial-135-states.bin,trial-135-packets0.bin,,1
136,2,edge_r2_a2,one_block,0,137,1,1,512,2,2,2,2,1,0,0,1,0,536,539,0,0,1,0,trial-136-samples.bin,trial-136-states.bin,trial-136-packets0.bin,,1
137,2,edge_r2_a1,one_block,0,138,1,1,512,2,2,1,2,1,0,0,1,0,540,543,0,0,1,0,trial-137-samples.bin,trial-137-states.bin,trial-137-packets0.bin,,1
138,2,edge_r2_a0,one_block,0,139,1,1,512,2,2,0,2,1,0,0,1,0,544,547,0,0,1,0,trial-138-samples.bin,trial-138-states.bin,trial-138-packets0.bin,,1
139,2,edge_r1_a2,one_block,0,140,1,1,512,2,1,2,2,1,0,0,1,0,548,551,0,0,1,0,trial-139-samples.bin,trial-139-states.bin,trial-139-packets0.bin,,1
140,2,edge_r1_a1,one_block,0,141,1,1,512,2,1,1,2,1,0,0,1,0,552,555,0,0,1,0,trial-140-samples.bin,trial-140-states.bin,trial-140-packets0.bin,,1
141,2,edge_r1_a0,one_block,0,142,1,1,512,2,1,0,2,1,0,0,1,0,556,559,0,0,1,0,trial-141-samples.bin,trial-141-states.bin,trial-141-packets0.bin,,1
142,2,edge_r0_a2,one_block,0,143,1,1,512,2,0,2,2,1,0,0,1,0,560,563,0,0,1,0,trial-142-samples.bin,trial-142-states.bin,trial-142-packets0.bin,,1
143,2,edge_r0_a1,one_block,0,144,1,1,512,2,0,1,2,1,0,0,1,0,564,567,0,0,1,0,trial-143-samples.bin,trial-143-states.bin,trial-143-packets0.bin,,1
144,2,edge_r0_a0,one_block,0,145,1,1,512,2,0,0,2,1,0,0,1,0,568,571,0,0,1,0,trial-144-samples.bin,trial-144-states.bin,trial-144-packets0.bin,,1
145,2,agent_pair,one_block,0,146,1,1,512,1,1,1,1,1,0,0,1,0,572,575,0,0,1,0,trial-145-samples.bin,trial-145-states.bin,trial-145-packets0.bin,,1
146,2,none_pair,one_block,0,147,1,1,512,0,0,0,0,1,0,0,1,0,576,579,0,0,1,0,trial-146-samples.bin,trial-146-states.bin,trial-146-packets0.bin,,1
147,2,none_pair_first_unordered,one_block,0,148,1,1,512,0,0,0,0,0,0,0,1,0,580,583,0,0,1,0,trial-147-samples.bin,trial-147-states.bin,trial-147-packets0.bin,,1
148,2,agent_pair_first_unordered,one_block,0,149,1,1,512,1,1,1,1,0,0,0,1,0,584,587,0,0,1,0,trial-148-samples.bin,trial-148-states.bin,trial-148-packets0.bin,,1
149,2,system_pair_first_unordered,one_block,0,150,1,1,512,2,2,2,2,0,0,0,1,0,588,591,0,0,1,0,trial-149-samples.bin,trial-149-states.bin,trial-149-packets0.bin,,1
150,2,serial_system,one_block,0,151,1,1,512,2,2,2,2,1,1,0,1,0,592,595,0,0,1,0,trial-150-samples.bin,trial-150-states.bin,trial-150-packets0.bin,,1
151,2,serial_none,one_block,0,152,1,1,512,0,0,0,0,1,1,0,1,0,596,599,0,0,1,0,trial-151-samples.bin,trial-151-states.bin,trial-151-packets0.bin,,1
152,2,two_queue_system,one_block,0,153,1,1,512,2,2,2,2,1,0,1,1,2,600,602,24,26,2,1,trial-152-samples.bin,trial-152-states.bin,trial-152-packets0.bin,trial-152-packets1.bin,1
153,2,edge_r2_a2,one_block,1,154,1,1,512,2,2,2,2,1,0,0,1,0,603,606,0,0,1,0,trial-153-samples.bin,trial-153-states.bin,trial-153-packets0.bin,,1
154,2,edge_r2_a1,one_block,1,155,1,1,512,2,2,1,2,1,0,0,1,0,607,610,0,0,1,0,trial-154-samples.bin,trial-154-states.bin,trial-154-packets0.bin,,1
155,2,edge_r2_a0,one_block,1,156,1,1,512,2,2,0,2,1,0,0,1,0,611,614,0,0,1,0,trial-155-samples.bin,trial-155-states.bin,trial-155-packets0.bin,,1
156,2,edge_r1_a2,one_block,1,157,1,1,512,2,1,2,2,1,0,0,1,0,615,618,0,0,1,0,trial-156-samples.bin,trial-156-states.bin,trial-156-packets0.bin,,1
157,2,edge_r1_a1,one_block,1,158,1,1,512,2,1,1,2,1,0,0,1,0,619,622,0,0,1,0,trial-157-samples.bin,trial-157-states.bin,trial-157-packets0.bin,,1
158,2,edge_r1_a0,one_block,1,159,1,1,512,2,1,0,2,1,0,0,1,0,623,626,0,0,1,0,trial-158-samples.bin,trial-158-states.bin,trial-158-packets0.bin,,1
159,2,edge_r0_a2,one_block,1,160,1,1,512,2,0,2,2,1,0,0,1,0,627,630,0,0,1,0,trial-159-samples.bin,trial-159-states.bin,trial-159-packets0.bin,,1
160,2,edge_r0_a1,one_block,1,161,1,1,512,2,0,1,2,1,0,0,1,0,631,634,0,0,1,0,trial-160-samples.bin,trial-160-states.bin,trial-160-packets0.bin,,1
161,2,edge_r0_a0,one_block,1,162,1,1,512,2,0,0,2,1,0,0,1,0,635,638,0,0,1,0,trial-161-samples.bin,trial-161-states.bin,trial-161-packets0.bin,,1
162,2,agent_pair,one_block,1,163,1,1,512,1,1,1,1,1,0,0,1,0,639,642,0,0,1,0,trial-162-samples.bin,trial-162-states.bin,trial-162-packets0.bin,,1
163,2,none_pair,one_block,1,164,1,1,512,0,0,0,0,1,0,0,1,0,643,646,0,0,1,0,trial-163-samples.bin,trial-163-states.bin,trial-163-packets0.bin,,1
164,2,none_pair_first_unordered,one_block,1,165,1,1,512,0,0,0,0,0,0,0,1,0,647,650,0,0,1,0,trial-164-samples.bin,trial-164-states.bin,trial-164-packets0.bin,,1
165,2,agent_pair_first_unordered,one_block,1,166,1,1,512,1,1,1,1,0,0,0,1,0,651,654,0,0,1,0,trial-165-samples.bin,trial-165-states.bin,trial-165-packets0.bin,,1
166,2,system_pair_first_unordered,one_block,1,167,1,1,512,2,2,2,2,0,0,0,1,0,655,658,0,0,1,0,trial-166-samples.bin,trial-166-states.bin,trial-166-packets0.bin,,1
167,2,serial_system,one_block,1,168,1,1,512,2,2,2,2,1,1,0,1,0,659,662,0,0,1,0,trial-167-samples.bin,trial-167-states.bin,trial-167-packets0.bin,,1
168,2,serial_none,one_block,1,169,1,1,512,0,0,0,0,1,1,0,1,0,663,666,0,0,1,0,trial-168-samples.bin,trial-168-states.bin,trial-168-packets0.bin,,1
169,2,two_queue_system,one_block,1,170,1,1,512,2,2,2,2,1,0,1,1,2,667,669,27,29,2,1,trial-169-samples.bin,trial-169-states.bin,trial-169-packets0.bin,trial-169-packets1.bin,1
170,2,edge_r2_a2,qk_geometry,0,171,256,24,61440,2,2,2,2,1,0,0,1,0,670,673,0,0,1,0,trial-170-samples.bin,trial-170-states.bin,trial-170-packets0.bin,,1
171,2,edge_r2_a1,qk_geometry,0,172,256,24,61440,2,2,1,2,1,0,0,1,0,674,677,0,0,1,0,trial-171-samples.bin,trial-171-states.bin,trial-171-packets0.bin,,1
172,2,edge_r2_a0,qk_geometry,0,173,256,24,61440,2,2,0,2,1,0,0,1,0,678,681,0,0,1,0,trial-172-samples.bin,trial-172-states.bin,trial-172-packets0.bin,,1
173,2,edge_r1_a2,qk_geometry,0,174,256,24,61440,2,1,2,2,1,0,0,1,0,682,685,0,0,1,0,trial-173-samples.bin,trial-173-states.bin,trial-173-packets0.bin,,1
174,2,edge_r1_a1,qk_geometry,0,175,256,24,61440,2,1,1,2,1,0,0,1,0,686,689,0,0,1,0,trial-174-samples.bin,trial-174-states.bin,trial-174-packets0.bin,,1
175,2,edge_r1_a0,qk_geometry,0,176,256,24,61440,2,1,0,2,1,0,0,1,0,690,693,0,0,1,0,trial-175-samples.bin,trial-175-states.bin,trial-175-packets0.bin,,1
176,2,edge_r0_a2,qk_geometry,0,177,256,24,61440,2,0,2,2,1,0,0,1,0,694,697,0,0,1,0,trial-176-samples.bin,trial-176-states.bin,trial-176-packets0.bin,,1
177,2,edge_r0_a1,qk_geometry,0,178,256,24,61440,2,0,1,2,1,0,0,1,0,698,701,0,0,1,0,trial-177-samples.bin,trial-177-states.bin,trial-177-packets0.bin,,1
178,2,edge_r0_a0,qk_geometry,0,179,256,24,61440,2,0,0,2,1,0,0,1,0,702,705,0,0,1,0,trial-178-samples.bin,trial-178-states.bin,trial-178-packets0.bin,,1
179,2,agent_pair,qk_geometry,0,180,256,24,61440,1,1,1,1,1,0,0,1,0,706,709,0,0,1,0,trial-179-samples.bin,trial-179-states.bin,trial-179-packets0.bin,,1
180,2,none_pair,qk_geometry,0,181,256,24,61440,0,0,0,0,1,0,0,1,0,710,713,0,0,1,0,trial-180-samples.bin,trial-180-states.bin,trial-180-packets0.bin,,1
181,2,none_pair_first_unordered,qk_geometry,0,182,256,24,61440,0,0,0,0,0,0,0,1,0,714,717,0,0,1,0,trial-181-samples.bin,trial-181-states.bin,trial-181-packets0.bin,,1
182,2,agent_pair_first_unordered,qk_geometry,0,183,256,24,61440,1,1,1,1,0,0,0,1,0,718,721,0,0,1,0,trial-182-samples.bin,trial-182-states.bin,trial-182-packets0.bin,,1
183,2,system_pair_first_unordered,qk_geometry,0,184,256,24,61440,2,2,2,2,0,0,0,1,0,722,725,0,0,1,0,trial-183-samples.bin,trial-183-states.bin,trial-183-packets0.bin,,1
184,2,serial_system,qk_geometry,0,185,256,24,61440,2,2,2,2,1,1,0,1,0,726,729,0,0,1,0,trial-184-samples.bin,trial-184-states.bin,trial-184-packets0.bin,,1
185,2,serial_none,qk_geometry,0,186,256,24,61440,0,0,0,0,1,1,0,1,0,730,733,0,0,1,0,trial-185-samples.bin,trial-185-states.bin,trial-185-packets0.bin,,1
186,2,two_queue_system,qk_geometry,0,187,256,24,61440,2,2,2,2,1,0,1,1,2,734,736,30,32,2,1,trial-186-samples.bin,trial-186-states.bin,trial-186-packets0.bin,trial-186-packets1.bin,1
187,2,edge_r2_a2,qk_geometry,1,188,256,24,61440,2,2,2,2,1,0,0,1,0,737,740,0,0,1,0,trial-187-samples.bin,trial-187-states.bin,trial-187-packets0.bin,,1
188,2,edge_r2_a1,qk_geometry,1,189,256,24,61440,2,2,1,2,1,0,0,1,0,741,744,0,0,1,0,trial-188-samples.bin,trial-188-states.bin,trial-188-packets0.bin,,1
189,2,edge_r2_a0,qk_geometry,1,190,256,24,61440,2,2,0,2,1,0,0,1,0,745,748,0,0,1,0,trial-189-samples.bin,trial-189-states.bin,trial-189-packets0.bin,,1
190,2,edge_r1_a2,qk_geometry,1,191,256,24,61440,2,1,2,2,1,0,0,1,0,749,752,0,0,1,0,trial-190-samples.bin,trial-190-states.bin,trial-190-packets0.bin,,1
191,2,edge_r1_a1,qk_geometry,1,192,256,24,61440,2,1,1,2,1,0,0,1,0,753,756,0,0,1,0,trial-191-samples.bin,trial-191-states.bin,trial-191-packets0.bin,,1
192,2,edge_r1_a0,qk_geometry,1,193,256,24,61440,2,1,0,2,1,0,0,1,0,757,760,0,0,1,0,trial-192-samples.bin,trial-192-states.bin,trial-192-packets0.bin,,1
193,2,edge_r0_a2,qk_geometry,1,194,256,24,61440,2,0,2,2,1,0,0,1,0,761,764,0,0,1,0,trial-193-samples.bin,trial-193-states.bin,trial-193-packets0.bin,,1
194,2,edge_r0_a1,qk_geometry,1,195,256,24,61440,2,0,1,2,1,0,0,1,0,765,768,0,0,1,0,trial-194-samples.bin,trial-194-states.bin,trial-194-packets0.bin,,1
195,2,edge_r0_a0,qk_geometry,1,196,256,24,61440,2,0,0,2,1,0,0,1,0,769,772,0,0,1,0,trial-195-samples.bin,trial-195-states.bin,trial-195-packets0.bin,,1
196,2,agent_pair,qk_geometry,1,197,256,24,61440,1,1,1,1,1,0,0,1,0,773,776,0,0,1,0,trial-196-samples.bin,trial-196-states.bin,trial-196-packets0.bin,,1
197,2,none_pair,qk_geometry,1,198,256,24,61440,0,0,0,0,1,0,0,1,0,777,780,0,0,1,0,trial-197-samples.bin,trial-197-states.bin,trial-197-packets0.bin,,1
198,2,none_pair_first_unordered,qk_geometry,1,199,256,24,61440,0,0,0,0,0,0,0,1,0,781,784,0,0,1,0,trial-198-samples.bin,trial-198-states.bin,trial-198-packets0.bin,,1
199,2,agent_pair_first_unordered,qk_geometry,1,200,256,24,61440,1,1,1,1,0,0,0,1,0,785,788,0,0,1,0,trial-199-samples.bin,trial-199-states.bin,trial-199-packets0.bin,,1
200,2,system_pair_first_unordered,qk_geometry,1,201,256,24,61440,2,2,2,2,0,0,0,1,0,789,792,0,0,1,0,trial-200-samples.bin,trial-200-states.bin,trial-200-packets0.bin,,1
201,2,serial_system,qk_geometry,1,202,256,24,61440,2,2,2,2,1,1,0,1,0,793,796,0,0,1,0,trial-201-samples.bin,trial-201-states.bin,trial-201-packets0.bin,,1
202,2,serial_none,qk_geometry,1,203,256,24,61440,0,0,0,0,1,1,0,1,0,797,800,0,0,1,0,trial-202-samples.bin,trial-202-states.bin,trial-202-packets0.bin,,1
203,2,two_queue_system,qk_geometry,1,204,256,24,61440,2,2,2,2,1,0,1,1,2,801,803,33,35,2,1,trial-203-samples.bin,trial-203-states.bin,trial-203-packets0.bin,trial-203-packets1.bin,1
204,3,two_queue_system,one_block,0,205,1,1,512,2,2,2,2,1,0,1,1,2,804,806,36,38,2,1,trial-204-samples.bin,trial-204-states.bin,trial-204-packets0.bin,trial-204-packets1.bin,1
205,3,serial_none,one_block,0,206,1,1,512,0,0,0,0,1,1,0,1,0,807,810,0,0,1,0,trial-205-samples.bin,trial-205-states.bin,trial-205-packets0.bin,,1
206,3,serial_system,one_block,0,207,1,1,512,2,2,2,2,1,1,0,1,0,811,814,0,0,1,0,trial-206-samples.bin,trial-206-states.bin,trial-206-packets0.bin,,1
207,3,system_pair_first_unordered,one_block,0,208,1,1,512,2,2,2,2,0,0,0,1,0,815,818,0,0,1,0,trial-207-samples.bin,trial-207-states.bin,trial-207-packets0.bin,,1
208,3,agent_pair_first_unordered,one_block,0,209,1,1,512,1,1,1,1,0,0,0,1,0,819,822,0,0,1,0,trial-208-samples.bin,trial-208-states.bin,trial-208-packets0.bin,,1
209,3,none_pair_first_unordered,one_block,0,210,1,1,512,0,0,0,0,0,0,0,1,0,823,826,0,0,1,0,trial-209-samples.bin,trial-209-states.bin,trial-209-packets0.bin,,1
210,3,none_pair,one_block,0,211,1,1,512,0,0,0,0,1,0,0,1,0,827,830,0,0,1,0,trial-210-samples.bin,trial-210-states.bin,trial-210-packets0.bin,,1
211,3,agent_pair,one_block,0,212,1,1,512,1,1,1,1,1,0,0,1,0,831,834,0,0,1,0,trial-211-samples.bin,trial-211-states.bin,trial-211-packets0.bin,,1
212,3,edge_r0_a0,one_block,0,213,1,1,512,2,0,0,2,1,0,0,1,0,835,838,0,0,1,0,trial-212-samples.bin,trial-212-states.bin,trial-212-packets0.bin,,1
213,3,edge_r0_a1,one_block,0,214,1,1,512,2,0,1,2,1,0,0,1,0,839,842,0,0,1,0,trial-213-samples.bin,trial-213-states.bin,trial-213-packets0.bin,,1
214,3,edge_r0_a2,one_block,0,215,1,1,512,2,0,2,2,1,0,0,1,0,843,846,0,0,1,0,trial-214-samples.bin,trial-214-states.bin,trial-214-packets0.bin,,1
215,3,edge_r1_a0,one_block,0,216,1,1,512,2,1,0,2,1,0,0,1,0,847,850,0,0,1,0,trial-215-samples.bin,trial-215-states.bin,trial-215-packets0.bin,,1
216,3,edge_r1_a1,one_block,0,217,1,1,512,2,1,1,2,1,0,0,1,0,851,854,0,0,1,0,trial-216-samples.bin,trial-216-states.bin,trial-216-packets0.bin,,1
217,3,edge_r1_a2,one_block,0,218,1,1,512,2,1,2,2,1,0,0,1,0,855,858,0,0,1,0,trial-217-samples.bin,trial-217-states.bin,trial-217-packets0.bin,,1
218,3,edge_r2_a0,one_block,0,219,1,1,512,2,2,0,2,1,0,0,1,0,859,862,0,0,1,0,trial-218-samples.bin,trial-218-states.bin,trial-218-packets0.bin,,1
219,3,edge_r2_a1,one_block,0,220,1,1,512,2,2,1,2,1,0,0,1,0,863,866,0,0,1,0,trial-219-samples.bin,trial-219-states.bin,trial-219-packets0.bin,,1
220,3,edge_r2_a2,one_block,0,221,1,1,512,2,2,2,2,1,0,0,1,0,867,870,0,0,1,0,trial-220-samples.bin,trial-220-states.bin,trial-220-packets0.bin,,1
221,3,two_queue_system,one_block,1,222,1,1,512,2,2,2,2,1,0,1,1,2,871,873,39,41,2,1,trial-221-samples.bin,trial-221-states.bin,trial-221-packets0.bin,trial-221-packets1.bin,1
222,3,serial_none,one_block,1,223,1,1,512,0,0,0,0,1,1,0,1,0,874,877,0,0,1,0,trial-222-samples.bin,trial-222-states.bin,trial-222-packets0.bin,,1
223,3,serial_system,one_block,1,224,1,1,512,2,2,2,2,1,1,0,1,0,878,881,0,0,1,0,trial-223-samples.bin,trial-223-states.bin,trial-223-packets0.bin,,1
224,3,system_pair_first_unordered,one_block,1,225,1,1,512,2,2,2,2,0,0,0,1,0,882,885,0,0,1,0,trial-224-samples.bin,trial-224-states.bin,trial-224-packets0.bin,,1
225,3,agent_pair_first_unordered,one_block,1,226,1,1,512,1,1,1,1,0,0,0,1,0,886,889,0,0,1,0,trial-225-samples.bin,trial-225-states.bin,trial-225-packets0.bin,,1
226,3,none_pair_first_unordered,one_block,1,227,1,1,512,0,0,0,0,0,0,0,1,0,890,893,0,0,1,0,trial-226-samples.bin,trial-226-states.bin,trial-226-packets0.bin,,1
227,3,none_pair,one_block,1,228,1,1,512,0,0,0,0,1,0,0,1,0,894,897,0,0,1,0,trial-227-samples.bin,trial-227-states.bin,trial-227-packets0.bin,,1
228,3,agent_pair,one_block,1,229,1,1,512,1,1,1,1,1,0,0,1,0,898,901,0,0,1,0,trial-228-samples.bin,trial-228-states.bin,trial-228-packets0.bin,,1
229,3,edge_r0_a0,one_block,1,230,1,1,512,2,0,0,2,1,0,0,1,0,902,905,0,0,1,0,trial-229-samples.bin,trial-229-states.bin,trial-229-packets0.bin,,1
230,3,edge_r0_a1,one_block,1,231,1,1,512,2,0,1,2,1,0,0,1,0,906,909,0,0,1,0,trial-230-samples.bin,trial-230-states.bin,trial-230-packets0.bin,,1
231,3,edge_r0_a2,one_block,1,232,1,1,512,2,0,2,2,1,0,0,1,0,910,913,0,0,1,0,trial-231-samples.bin,trial-231-states.bin,trial-231-packets0.bin,,1
232,3,edge_r1_a0,one_block,1,233,1,1,512,2,1,0,2,1,0,0,1,0,914,917,0,0,1,0,trial-232-samples.bin,trial-232-states.bin,trial-232-packets0.bin,,1
233,3,edge_r1_a1,one_block,1,234,1,1,512,2,1,1,2,1,0,0,1,0,918,921,0,0,1,0,trial-233-samples.bin,trial-233-states.bin,trial-233-packets0.bin,,1
234,3,edge_r1_a2,one_block,1,235,1,1,512,2,1,2,2,1,0,0,1,0,922,925,0,0,1,0,trial-234-samples.bin,trial-234-states.bin,trial-234-packets0.bin,,1
235,3,edge_r2_a0,one_block,1,236,1,1,512,2,2,0,2,1,0,0,1,0,926,929,0,0,1,0,trial-235-samples.bin,trial-235-states.bin,trial-235-packets0.bin,,1
236,3,edge_r2_a1,one_block,1,237,1,1,512,2,2,1,2,1,0,0,1,0,930,933,0,0,1,0,trial-236-samples.bin,trial-236-states.bin,trial-236-packets0.bin,,1
237,3,edge_r2_a2,one_block,1,238,1,1,512,2,2,2,2,1,0,0,1,0,934,937,0,0,1,0,trial-237-samples.bin,trial-237-states.bin,trial-237-packets0.bin,,1
238,3,two_queue_system,qk_geometry,0,239,256,24,61440,2,2,2,2,1,0,1,1,2,938,940,42,44,2,1,trial-238-samples.bin,trial-238-states.bin,trial-238-packets0.bin,trial-238-packets1.bin,1
239,3,serial_none,qk_geometry,0,240,256,24,61440,0,0,0,0,1,1,0,1,0,941,944,0,0,1,0,trial-239-samples.bin,trial-239-states.bin,trial-239-packets0.bin,,1
240,3,serial_system,qk_geometry,0,241,256,24,61440,2,2,2,2,1,1,0,1,0,945,948,0,0,1,0,trial-240-samples.bin,trial-240-states.bin,trial-240-packets0.bin,,1
241,3,system_pair_first_unordered,qk_geometry,0,242,256,24,61440,2,2,2,2,0,0,0,1,0,949,952,0,0,1,0,trial-241-samples.bin,trial-241-states.bin,trial-241-packets0.bin,,1
242,3,agent_pair_first_unordered,qk_geometry,0,243,256,24,61440,1,1,1,1,0,0,0,1,0,953,956,0,0,1,0,trial-242-samples.bin,trial-242-states.bin,trial-242-packets0.bin,,1
243,3,none_pair_first_unordered,qk_geometry,0,244,256,24,61440,0,0,0,0,0,0,0,1,0,957,960,0,0,1,0,trial-243-samples.bin,trial-243-states.bin,trial-243-packets0.bin,,1
244,3,none_pair,qk_geometry,0,245,256,24,61440,0,0,0,0,1,0,0,1,0,961,964,0,0,1,0,trial-244-samples.bin,trial-244-states.bin,trial-244-packets0.bin,,1
245,3,agent_pair,qk_geometry,0,246,256,24,61440,1,1,1,1,1,0,0,1,0,965,968,0,0,1,0,trial-245-samples.bin,trial-245-states.bin,trial-245-packets0.bin,,1
246,3,edge_r0_a0,qk_geometry,0,247,256,24,61440,2,0,0,2,1,0,0,1,0,969,972,0,0,1,0,trial-246-samples.bin,trial-246-states.bin,trial-246-packets0.bin,,1
247,3,edge_r0_a1,qk_geometry,0,248,256,24,61440,2,0,1,2,1,0,0,1,0,973,976,0,0,1,0,trial-247-samples.bin,trial-247-states.bin,trial-247-packets0.bin,,1
248,3,edge_r0_a2,qk_geometry,0,249,256,24,61440,2,0,2,2,1,0,0,1,0,977,980,0,0,1,0,trial-248-samples.bin,trial-248-states.bin,trial-248-packets0.bin,,1
249,3,edge_r1_a0,qk_geometry,0,250,256,24,61440,2,1,0,2,1,0,0,1,0,981,984,0,0,1,0,trial-249-samples.bin,trial-249-states.bin,trial-249-packets0.bin,,1
250,3,edge_r1_a1,qk_geometry,0,251,256,24,61440,2,1,1,2,1,0,0,1,0,985,988,0,0,1,0,trial-250-samples.bin,trial-250-states.bin,trial-250-packets0.bin,,1
251,3,edge_r1_a2,qk_geometry,0,252,256,24,61440,2,1,2,2,1,0,0,1,0,989,992,0,0,1,0,trial-251-samples.bin,trial-251-states.bin,trial-251-packets0.bin,,1
252,3,edge_r2_a0,qk_geometry,0,253,256,24,61440,2,2,0,2,1,0,0,1,0,993,996,0,0,1,0,trial-252-samples.bin,trial-252-states.bin,trial-252-packets0.bin,,1
253,3,edge_r2_a1,qk_geometry,0,254,256,24,61440,2,2,1,2,1,0,0,1,0,997,1000,0,0,1,0,trial-253-samples.bin,trial-253-states.bin,trial-253-packets0.bin,,1
254,3,edge_r2_a2,qk_geometry,0,255,256,24,61440,2,2,2,2,1,0,0,1,0,1001,1004,0,0,1,0,trial-254-samples.bin,trial-254-states.bin,trial-254-packets0.bin,,1
255,3,two_queue_system,qk_geometry,1,256,256,24,61440,2,2,2,2,1,0,1,1,2,1005,1007,45,47,2,1,trial-255-samples.bin,trial-255-states.bin,trial-255-packets0.bin,trial-255-packets1.bin,1
256,3,serial_none,qk_geometry,1,257,256,24,61440,0,0,0,0,1,1,0,1,0,1008,1011,0,0,1,0,trial-256-samples.bin,trial-256-states.bin,trial-256-packets0.bin,,1
257,3,serial_system,qk_geometry,1,258,256,24,61440,2,2,2,2,1,1,0,1,0,1012,1015,0,0,1,0,trial-257-samples.bin,trial-257-states.bin,trial-257-packets0.bin,,1
258,3,system_pair_first_unordered,qk_geometry,1,259,256,24,61440,2,2,2,2,0,0,0,1,0,1016,1019,0,0,1,0,trial-258-samples.bin,trial-258-states.bin,trial-258-packets0.bin,,1
259,3,agent_pair_first_unordered,qk_geometry,1,260,256,24,61440,1,1,1,1,0,0,0,1,0,1020,1023,0,0,1,0,trial-259-samples.bin,trial-259-states.bin,trial-259-packets0.bin,,1
260,3,none_pair_first_unordered,qk_geometry,1,261,256,24,61440,0,0,0,0,0,0,0,1,0,1024,1027,0,0,1,0,trial-260-samples.bin,trial-260-states.bin,trial-260-packets0.bin,,1
261,3,none_pair,qk_geometry,1,262,256,24,61440,0,0,0,0,1,0,0,1,0,1028,1031,0,0,1,0,trial-261-samples.bin,trial-261-states.bin,trial-261-packets0.bin,,1
262,3,agent_pair,qk_geometry,1,263,256,24,61440,1,1,1,1,1,0,0,1,0,1032,1035,0,0,1,0,trial-262-samples.bin,trial-262-states.bin,trial-262-packets0.bin,,1
263,3,edge_r0_a0,qk_geometry,1,264,256,24,61440,2,0,0,2,1,0,0,1,0,1036,1039,0,0,1,0,trial-263-samples.bin,trial-263-states.bin,trial-263-packets0.bin,,1
264,3,edge_r0_a1,qk_geometry,1,265,256,24,61440,2,0,1,2,1,0,0,1,0,1040,1043,0,0,1,0,trial-264-samples.bin,trial-264-states.bin,trial-264-packets0.bin,,1
265,3,edge_r0_a2,qk_geometry,1,266,256,24,61440,2,0,2,2,1,0,0,1,0,1044,1047,0,0,1,0,trial-265-samples.bin,trial-265-states.bin,trial-265-packets0.bin,,1
266,3,edge_r1_a0,qk_geometry,1,267,256,24,61440,2,1,0,2,1,0,0,1,0,1048,1051,0,0,1,0,trial-266-samples.bin,trial-266-states.bin,trial-266-packets0.bin,,1
267,3,edge_r1_a1,qk_geometry,1,268,256,24,61440,2,1,1,2,1,0,0,1,0,1052,1055,0,0,1,0,trial-267-samples.bin,trial-267-states.bin,trial-267-packets0.bin,,1
268,3,edge_r1_a2,qk_geometry,1,269,256,24,61440,2,1,2,2,1,0,0,1,0,1056,1059,0,0,1,0,trial-268-samples.bin,trial-268-states.bin,trial-268-packets0.bin,,1
269,3,edge_r2_a0,qk_geometry,1,270,256,24,61440,2,2,0,2,1,0,0,1,0,1060,1063,0,0,1,0,trial-269-samples.bin,trial-269-states.bin,trial-269-packets0.bin,,1
270,3,edge_r2_a1,qk_geometry,1,271,256,24,61440,2,2,1,2,1,0,0,1,0,1064,1067,0,0,1,0,trial-270-samples.bin,trial-270-states.bin,trial-270-packets0.bin,,1
271,3,edge_r2_a2,qk_geometry,1,272,256,24,61440,2,2,2,2,1,0,0,1,0,1068,1071,0,0,1,0,trial-271-samples.bin,trial-271-states.bin,trial-271-packets0.bin,,1
