family,cell,metric,stock,previous_v7,v10_central,v10_distributed,vs_stock_percent,vs_previous_percent,vs_central_percent,stock_round_percent
attention_fetch,h128-miss128-r1152/gather/copy/eager,gpu_us,9.22025,9.29025,9.23,9.24025,0.21691385808411123,-0.5381986491214019,0.11105092091006075,"[0.21690797679083662, 1.7621145374449476, -0.005387350501029342, -1.5184381778741929]"
attention_fetch,h128-miss128-r1152/gather/copy/graph,gpu_us,16.0905,15.15025,15.11025,15.010499999999999,-6.712035051738607,-0.9224270226564024,-0.6601479128406362,"[-8.220351764319755, -5.980508265013795, -6.704968944099399, -6.719109508115173]"
attention_fetch,h128-miss128-r1152/gather/merge/eager,gpu_us,6.08,6.12,6.0505,6.0600000000000005,-0.3289473684210509,-0.9803921568627416,0.1570118172051993,"[0.32679738562091387, -0.983606557377048, 0.33330555787016714, 0.3300330033003229]"
attention_fetch,h128-miss128-r1152/gather/merge/graph,gpu_us,13.08,12.06075,12.020249999999999,12.02025,-8.10206422018348,-0.3358000124370375,2.220446049250313e-14,"[-9.40783733545768, -7.822085889570552, -7.256384538230076, -7.309451219512186]"
attention_fetch,h128-miss128-r1152/gather/miss_attention/eager,gpu_us,48.10150075,48.04174975,48.091751,48.061500249999995,-0.08315852806318746,0.04111111710702886,-0.06290215966561208,"[-0.7062503245640395, 0.08326238772726757, -0.1236990902091506, -0.042618809142669356]"
attention_fetch,h128-miss128-r1152/gather/miss_attention/graph,gpu_us,55.041749249999995,54.02150125,54.03199975,53.941500250000004,-1.9989353808554489,-0.14809103440085458,-0.1674924126790156,"[-1.7811039382529148, -0.8452410373682606, -2.7968726387198273, -2.392085259757848]"
attention_fetch,h128-miss128-r1152/gather/resident/eager,gpu_us,650.3307522499999,652.2907465000001,651.05049325,652.7300029999999,0.36892777124548637,0.06734059962627548,0.257969200148489,"[0.17228857425393151, 1.0515534267471205, 0.002921183882431677, 0.5035626254187964]"
attention_fetch,h128-miss128-r1152/gather/resident/graph,gpu_us,658.3504975,657.5005205,656.13076075,657.8207462500001,-0.08046644637036415,0.04870349756629366,0.2575683996385525,"[0.19787702965416987, -0.06686325457238018, -0.4554827388842164, 0.20642023070729376]"
attention_fetch,h128-miss128-r1152/gather-parallel/total/eager,gpu_us,698.53200025,699.12199675,700.4122434999999,698.60200575,0.010021802863002804,-0.0743777198282003,-0.2584531847921512,"[0.2578715970800838, 0.22707609250729455, -0.6615453861637866, 0.5035437123614539]"
attention_fetch,h128-miss128-r1152/gather-parallel/total/graph,gpu_us,705.9922515000001,708.822012,710.98199475,707.60250075,0.22808313357245424,-0.17204759860081076,-0.4753276489355196,"[0.06516090085333381, 0.9917447083341857, -0.16699239771261754, 0.4334756341471735]"
attention_fetch,h128-miss128-r1152/gather-serial/total/eager,gpu_us,745.0332490000001,747.22351125,746.4635075,747.6437685000001,0.35038966428730944,0.056242508924420065,0.1581136905075109,"[0.42080807654314434, 0.11532188815701616, 0.20421108817123557, 0.5859060633469415]"
attention_fetch,h128-miss128-r1152/gather-serial/total/graph,gpu_us,752.5334955000001,751.183495,751.473516,751.6134975,-0.12225342865154198,0.05724333706240703,0.018627602572762747,"[-0.045299570883083895, -0.11688005212632246, -0.12762637704223367, 6.735187541018206e-05]"
attention_fetch,h128-miss128-r1152/memcpy/copy/eager,gpu_us,270.77849225,271.4190035,271.10825475,271.0082455,0.08484915034827623,-0.15133722941399474,-0.0368890464409688,"[0.05915549064998693, 0.13262509272524703, -0.14814716607822742, 0.044239324613393194]"
attention_fetch,h128-miss128-r1152/memcpy/copy/graph,gpu_us,277.8487505,278.12900375,278.0585065,278.32850075,0.17266597353295943,0.07172822586289929,0.09709979867131846,"[-0.14385256735445218, 0.23053664400882745, 0.11480373803911537, 0.45443142678558424]"
attention_fetch,h128-miss128-r1152/memcpy/merge/eager,gpu_us,6.0302500000000006,6.12075,6.0600000000000005,6.08,0.8250072550889165,-0.6657680839766367,0.3300330033003229,"[2.325388256789296, 0.996677740863805, -1.3067121175229235, 0.6622516556291425]"
attention_fetch,h128-miss128-r1152/memcpy/merge/graph,gpu_us,13.0605,12.06025,12.050249999999998,12.07,-7.583936296466442,0.08084409527167047,0.16389701458476846,"[-8.536260051065137, -7.388177377793159, -6.786842307988605, -7.613575831367481]"
attention_fetch,h128-miss128-r1152/memcpy/miss_attention/eager,gpu_us,48.0717505,48.131251,48.1415,47.88174975,-0.39524408415292367,-0.5183768234073183,-0.5395557886646696,"[-0.41613660363899463, 0.08319311914983807, -0.8288168639163929, -0.33290541037714894]"
attention_fetch,h128-miss128-r1152/memcpy/miss_attention/graph,gpu_us,55.111500500000005,54.191499750000006,53.9017485,53.92174875,-2.1588084868057744,-0.4977736383832143,0.037105011537796884,"[-2.176127026430452, -1.8148161591230783, -2.904758412998043, -2.5641034675918495]"
attention_fetch,h128-miss128-r1152/memcpy/resident/eager,gpu_us,648.7710030000001,649.510503,649.5400072499999,651.150271,0.36673463964909114,0.25246212223299924,0.2479083246646363,"[0.5152631225614268, 0.3493997202485444, 0.2185034801457375, -0.3879137164320867]"
attention_fetch,h128-miss128-r1152/memcpy/resident/graph,gpu_us,657.0309995,657.5710027499999,654.68074375,656.590745,-0.06700665574913556,-0.1490725329889031,0.2917454451248247,"[0.22582490391840349, 0.5866862664906325, -1.023411476698033, -0.798143358932335]"
attention_fetch,h128-miss128-r1152/memcpy-parallel/total/eager,gpu_us,964.5902515,963.59050275,963.3402677500001,964.8002534999999,0.021771109512380704,0.12554614709747725,0.15155452324335794,"[-0.8563538178952834, -0.21235644174086854, 0.29274947036541654, -0.2380902354686354]"
attention_fetch,h128-miss128-r1152/memcpy-parallel/total/graph,gpu_us,717.0625030000001,723.6324845,724.3024855,726.2222615000001,1.2774002910036275,0.35788567476893185,0.2650516929642688,"[1.1157698786288694, 1.367592257847905, 0.8555837133130684, 1.6997590074398161]"
attention_fetch,h128-miss128-r1152/memcpy-serial/total/eager,gpu_us,1026.25200125,1026.042014,1025.0319842499998,1026.4115035,0.015542210861063666,0.03601114720044318,0.13458304435345347,"[-0.22963936263904472, 0.2554546625513687, -0.046853750466091526, 0.10137949412902802]"
attention_fetch,h128-miss128-r1152/memcpy-serial/total/graph,gpu_us,1023.91228075,1024.7524979999998,1025.0219702499999,1024.26224975,0.034179588093574687,-0.04784064942088273,-0.07411748450764089,"[0.22684676160857897, -0.22213386762880427, -0.09379758260203985, 0.2775393439791829]"
attention_fetch,h32-miss128-r1152/gather/copy/eager,gpu_us,9.26,9.230250000000002,9.310500000000001,9.27025,0.11069114470843022,0.43335770970449605,-0.4323076096879874,"[1.5283008569401346, -2.3307436182019914, 0.6561822125813466, -0.43010752688172893]"
attention_fetch,h32-miss128-r1152/gather/copy/graph,gpu_us,16.190250499999998,15.141,15.0705,15.02075,-7.2234861344486205,-0.7942011756158829,-0.33011512557645784,"[-7.413119789306832, -7.062762311419302, -7.042648113638805, -6.049198912095333]"
attention_fetch,h32-miss128-r1152/gather/merge/eager,gpu_us,5.9405,5.8805,5.9,5.9102500000000004,-0.5092163959262597,0.5059093614488752,0.17372881355932623,"[-1.6778523489933028, -0.6817607945459048, -0.32828282828281097, 0.32825519737396114]"
attention_fetch,h32-miss128-r1152/gather/merge/graph,gpu_us,12.9205,11.990749999999998,11.94025,11.98075,-7.273325335706826,-0.08339761899796017,0.33918887795481023,"[-8.162243365047573, -7.418569607047642, -6.825316848184193, -7.12763071198792]"
attention_fetch,h32-miss128-r1152/gather/miss_attention/eager,gpu_us,48.08149925,48.14149999999999,48.1514995,48.10125,0.04107765004852659,-0.08360769813984259,-0.10435708237912511,"[0.0010365384799593258, -0.04264952285403245, 0.29025624023919505, -0.08419591992138153]"
attention_fetch,h32-miss128-r1152/gather/miss_attention/graph,gpu_us,55.132000500000004,54.131751,54.07149925,54.10175025,-1.8686973820222663,-0.05542172467319917,0.055946294109832095,"[-2.2841829106235556, -1.815722659794572, -2.345605242226234, -1.3794723582001067]"
attention_fetch,h32-miss128-r1152/gather/resident/eager,gpu_us,653.319508,652.9694945,653.8494975,653.358251,0.0059301765102048876,0.059536701679707704,-0.07513143343816919,"[-0.07352769802869696, 0.03995764913911071, 0.033223756177336305, -0.0458196597740379]"
attention_fetch,h32-miss128-r1152/gather/resident/graph,gpu_us,660.81075375,658.7199865,659.3102517499999,659.00024775,-0.27398252672579115,0.04254634074321029,-0.04701944178436834,"[-0.29645451407323, -0.09392355487382043, -0.4422500613348923, -0.24822769762302688]"
attention_fetch,h32-miss128-r1152/gather-parallel/total/eager,gpu_us,695.00100625,695.7207322500001,695.480749,695.0395107500001,0.005540207806009612,-0.0979159407535346,-0.06344363242754003,"[0.8728804372073684, 1.5228125476093757, -0.4689150482251825, 0.12927536740496848]"
attention_fetch,h32-miss128-r1152/gather-parallel/total/graph,gpu_us,701.972246,706.0952485,707.502246,704.84101775,0.4086731015858325,-0.17762911627920985,-0.3761441415975453,"[0.2276782542298017, 0.28094730046273053, 0.5899519321590274, 0.014370492728210671]"
attention_fetch,h32-miss128-r1152/gather-serial/total/eager,gpu_us,748.312488,748.59274925,749.1722555,748.23150025,-0.010822717955238925,-0.048257079748903475,-0.1255726227304299,"[0.0905956648225903, 0.09104513355235877, -0.08317025010849965, -0.10137088309312148]"
attention_fetch,h32-miss128-r1152/gather-serial/total/graph,gpu_us,755.3534955,753.6264955,754.5434982500001,754.39275775,-0.1271904817709335,0.10167666006641873,-0.01997770842233626,"[0.031646484548919496, -0.1455089318108116, 0.03409121123032488, -0.15619887788571596]"
attention_fetch,h32-miss128-r1152/memcpy/copy/eager,gpu_us,272.89850275000003,271.6785,271.73949775,271.77750325,-0.41077524746516714,0.0364413267888386,0.01398600509483483,"[-1.7289881939600682, -0.7451708143380031, -0.06655347611306262, 0.08102357687913564]"
attention_fetch,h32-miss128-r1152/memcpy/copy/graph,gpu_us,277.96825025,277.898252,278.32850825,278.00825225,0.014390852179713143,0.039582922601466564,-0.11506403063547,"[-0.035793868839395504, 0.028968294519926552, -0.15120641087384978, 0.21621907882136693]"
attention_fetch,h32-miss128-r1152/memcpy/merge/eager,gpu_us,5.94025,5.96,5.96025,5.9902500000000005,0.8417154160178519,0.5075503355704836,0.503334591669824,"[0.3511705685618649, 0.6734006734006925, 0.008445945945956268, 1.010015991919877]"
attention_fetch,h32-miss128-r1152/memcpy/merge/graph,gpu_us,12.9505,11.97025,11.93,11.97,-7.5711362495656465,-0.002088511100428736,0.3352891869237373,"[-7.8532420583032, -7.410979514679217, -8.061703034766099, -7.576986978864797]"
attention_fetch,h32-miss128-r1152/memcpy/miss_attention/eager,gpu_us,48.0815005,48.171249,48.18149925,48.22125025,0.29065180692520176,0.10379894862180272,0.08250262158455701,"[0.04150806205223123, 0.20805937946757336, 0.4168333255355039, 0.5838026394483276]"
attention_fetch,h32-miss128-r1152/memcpy/miss_attention/graph,gpu_us,55.20125,54.02174975,54.081249,54.07124925,-2.047056452525986,0.091628835106361,-0.018490234942614148,"[-2.7777061807904513, -1.9209501458835376, -2.1730702715427874, -1.7422551314858148]"
attention_fetch,h32-miss128-r1152/memcpy/resident/eager,gpu_us,653.2692609999999,652.9702395,653.852746,653.2685012500001,-0.0001162996707715358,0.04567769432011204,-0.08935417853240812,"[0.2542903068941005, -0.01538096555041557, 0.0790395120481513, -0.01516161680693573]"
attention_fetch,h32-miss128-r1152/memcpy/resident/graph,gpu_us,660.1404995,659.45975475,658.77024825,659.33999425,-0.12126286004363607,-0.01816039555672111,0.08648629799441476,"[-0.015222891849886455, 0.021380328582831787, -0.3215421223131454, -0.22102908745259553]"
attention_fetch,h32-miss128-r1152/memcpy-parallel/total/eager,gpu_us,959.21973875,960.869506,961.7037475,958.1575097499999,-0.11073885962609165,-0.28224397101431764,-0.3687453396348572,"[0.2770378376807159, -0.7399295031296993, -0.2317077306694615, 0.20925935297955167]"
attention_fetch,h32-miss128-r1152/memcpy-parallel/total/graph,gpu_us,707.6312599999999,715.46201375,716.8724985,714.2317445,0.9327576201198395,-0.1719545169912906,-0.36837150337410973,"[0.690247515274689, 0.8763397227690151, 1.236766964854108, 1.4470341763383576]"
attention_fetch,h32-miss128-r1152/memcpy-serial/total/eager,gpu_us,1027.80151375,1026.4117417500001,1025.7004795,1025.8205235,-0.19274054605855628,-0.05760049558591884,0.011703611570745842,"[-0.17352102687758775, -0.09728446091699094, -0.08822853649738116, -0.21197246789668167]"
attention_fetch,h32-miss128-r1152/memcpy-serial/total/graph,gpu_us,1025.09173725,1025.3214834999999,1025.92176225,1026.19051925,0.10718865054435422,0.0847573920945921,0.02619663700385022,"[0.13236532721379035, -0.003946882885030867, 0.19096548083907816, 0.08592712607091713]"
attention_fetch,h32-miss128-r584/gather/copy/eager,gpu_us,8.2905,8.340250000000001,8.3205,8.39,1.2001688679814437,0.5965049009322154,0.8352863409651023,"[1.4362117661198548, 0.9624114763028713, -0.24038461538461453, 2.4149618690231245]"
attention_fetch,h32-miss128-r584/gather/copy/graph,gpu_us,15.2305,14.1205,14.130749999999999,14.1105,-7.353665342569182,-0.07081902198931012,-0.14330449551509528,"[-7.591126235194023, -6.613537912106082, -7.114390171601714, -7.725532541474434]"
attention_fetch,h32-miss128-r584/gather/merge/eager,gpu_us,5.96,5.96025,5.93025,5.949999999999999,-0.1677852348993425,-0.17197265215387336,0.3330382361620421,"[-0.33670033670032407, 0.34395973154361936, -0.3355704697986628, 0.0]"
attention_fetch,h32-miss128-r584/gather/merge/graph,gpu_us,12.990499999999999,11.940249999999999,11.95025,11.88075,-8.542781263230815,-0.49831452440274315,-0.581577791259591,"[-9.1324200913242, -8.045354281955031, -8.333011843678861, -8.912868169425126]"
attention_fetch,h32-miss128-r584/gather/miss_attention/eager,gpu_us,42.021001,41.97125025,41.9212505,41.991501,-0.07020299207055603,0.04824909879830308,0.16757730068190924,"[0.19092514132132976, 0.19157087666712425, -0.23751648649752433, -0.09519168760401264]"
attention_fetch,h32-miss128-r584/gather/miss_attention/graph,gpu_us,49.01174925,47.9817495,47.98149875,47.84124975,-2.3882018452952902,-0.2928191478303588,-0.2922980808305775,"[-3.1211049522207324, -1.964939016765499, -2.005691635397444, -2.8082131318015624]"
attention_fetch,h32-miss128-r584/gather/resident/eager,gpu_us,565.29751425,565.1079865,564.8279935,564.5879955,-0.12551244824440255,-0.0920162185674589,-0.042490457760924194,"[-0.1487641097883574, -0.01769646001105185, -0.3076269382078056, -0.07057145165905165]"
attention_fetch,h32-miss128-r584/gather/resident/graph,gpu_us,571.7779995000001,570.93799125,570.7080067500001,571.2982565,-0.08390371794990692,0.06310059157408343,0.10342412284718439,"[-0.11887313534130195, -0.045477296026008585, -0.13650289110155311, -0.094351654046132]"
attention_fetch,h32-miss128-r584/gather-parallel/total/eager,gpu_us,589.5887465000001,592.699006,592.1987445,592.05874775,0.41893629494502704,-0.10802418150168691,-0.023640163256044566,"[0.8324006716175392, 0.11910644563368766, 0.19641681958868507, -0.20889079701134072]"
attention_fetch,h32-miss128-r584/gather-parallel/total/graph,gpu_us,598.0689972499999,602.299005,602.98950975,600.12924675,0.3444835812378422,-0.3602460292956966,-0.47434705807500865,"[0.6869637589700162, 0.050010169139746985, 0.24730200382341305, 0.371398147092461]"
attention_fetch,h32-miss128-r584/gather-serial/total/eager,gpu_us,633.7602735,633.20975,633.090496,633.31975025,-0.06950944519876767,0.017371850322889237,0.036211924116447136,"[-0.1796182590113271, 0.06315028038257342, -0.1736837607231312, -0.19571416479415848]"
attention_fetch,h32-miss128-r584/gather-serial/total/graph,gpu_us,639.98024175,638.2202655,638.4204924999999,638.420239,-0.2437579550478297,0.03133299125865907,-3.970737200154062e-05,"[-0.30933430943322904, -0.2937127073433743, -0.17205670839079978, -0.19688395138213188]"
attention_fetch,h32-miss128-r584/memcpy/copy/eager,gpu_us,289.3590035,287.689492,287.61900225,288.00900275,-0.4665487279368441,0.11106097333579701,0.13559622172008012,"[0.3253203875100308, 0.49883353927444585, -1.5391595931502633, -1.7984046559024636]"
attention_fetch,h32-miss128-r584/memcpy/copy/graph,gpu_us,276.40874675,276.38899525,276.30875275000005,276.028499,-0.13756719151289953,-0.13043075382719316,-0.1014277496499072,"[0.11554614775255434, 0.17401242010270934, -0.26732622079898016, -0.10133329543365877]"
attention_fetch,h32-miss128-r584/memcpy/merge/eager,gpu_us,5.9405,5.9505,5.97025,5.95025,0.16412759868698057,-0.004201327619535178,-0.33499434697040753,"[0.6841216216216139, -0.3355704697986628, 0.32089174125990994, 0.008389261744956578]"
attention_fetch,h32-miss128-r584/memcpy/merge/graph,gpu_us,12.9,12.01,12.00025,12.00025,-6.974806201550399,-0.08118234804329605,0.0,"[-7.4035493827160685, -6.3999063999063965, -7.009345794392507, -7.252806604683471]"
attention_fetch,h32-miss128-r584/memcpy/miss_attention/eager,gpu_us,41.981251,41.961250750000005,41.96175,42.00125,0.047637932466559896,0.09532425579568127,0.09413334763206382,"[-0.04640061087555214, 0.28386289499218176, -5.952238946171917e-06, 1.1915684661190085e-06]"
attention_fetch,h32-miss128-r584/memcpy/miss_attention/graph,gpu_us,48.991749999999996,47.89124975,47.90200025,47.9517495,-2.1228074114519213,0.12632735690927266,0.10385631025919828,"[-2.3604765493676183, -2.2013227846412575, -2.04743914450376, -2.0042087814114096]"
attention_fetch,h32-miss128-r584/memcpy/resident/eager,gpu_us,565.10825475,564.87800175,565.36799675,564.95773775,-0.02663507367568485,0.01411561430131325,-0.07256494926460855,"[-0.18399901109518169, 0.14503806061951785, 0.20548710870567088, -0.25805456488778855]"
attention_fetch,h32-miss128-r584/memcpy/resident/graph,gpu_us,571.757987,570.36826025,570.298508,571.03826125,-0.12587943961680503,0.1174681423728341,0.12971334128057954,"[-0.15058707328958754, 0.02448352610144866, -0.0629714811033355, -0.22714918662328776]"
attention_fetch,h32-miss128-r584/memcpy-parallel/total/eager,gpu_us,875.87773825,874.8575,874.6077417500001,872.20749275,-0.41903628094637213,-0.3029073020463291,-0.27443720029248775,"[-0.2884304646891156, -0.2855972071493684, -0.7335084682457138, -0.41761298155043036]"
attention_fetch,h32-miss128-r584/memcpy-parallel/total/graph,gpu_us,607.92899125,616.57924925,616.1797642500001,616.2389815,1.366934357401406,-0.055186377163007894,0.009610385383562736,"[0.7955152439649504, 1.6740543152551135, 1.4943563625881673, 0.9602327453536619]"
attention_fetch,h32-miss128-r584/memcpy-serial/total/eager,gpu_us,914.35901825,912.9385052499999,913.0589962500001,912.5282465,-0.2002246069059299,-0.044938267762906214,-0.058128746573860024,"[-0.34531047156847183, -0.24694354749233982, -0.0876906589639126, -0.2912344872123551]"
attention_fetch,h32-miss128-r584/memcpy-serial/total/graph,gpu_us,910.39900475,909.388736,909.71924375,909.58824725,-0.08905518303182758,0.021939050056585252,-0.014399662412334369,"[-0.011039735859630362, 0.09252204430889588, -0.21735203508344014, 0.00883752914386804]"
attention_fetch,h32-miss256-r1152/gather/copy/eager,gpu_us,11.45025,11.50025,11.54025,11.5,0.4344883299491231,-0.0021738657855263632,-0.34877927254609586,"[-2.080359846027424, 0.0, 0.8743025350380185, 1.4128521126760551]"
attention_fetch,h32-miss256-r1152/gather/copy/graph,gpu_us,18.34999975,17.310499749999998,17.33024975,17.33025,-5.557219421760474,0.11409404861348893,1.442564312448269e-06,"[-6.493336043577392, -5.027317077249083, -6.084241847826089, -3.6169953347843675]"
attention_fetch,h32-miss256-r1152/gather/merge/eager,gpu_us,5.9102500000000004,5.91,5.92,5.92,0.16496764096272098,0.16920473773265332,0.0,"[-0.684063845958971, 0.6779661016949046, -2.0014948924507947, 2.372881355932188]"
attention_fetch,h32-miss256-r1152/gather/merge/graph,gpu_us,12.96025,11.890500000000001,11.96,11.96025,-7.715900542042009,0.5866027500946114,0.0020903010033324065,"[-8.618899273104862, -7.109737248840819, -8.320172566542105, -5.422480620155046]"
attention_fetch,h32-miss256-r1152/gather/miss_attention/eager,gpu_us,91.492502,91.423001,91.47299824999999,91.403,-0.09782440969862138,-0.021877426666394584,-0.07652340181162343,"[0.21929048266344786, -0.28370852730068563, 0.1307404050136407, -0.19600141306467256]"
attention_fetch,h32-miss256-r1152/gather/miss_attention/graph,gpu_us,98.40299925,97.18299999999999,97.30299925,97.24299975,-1.1788253496755052,0.061738935822108765,-0.06166253914315911,"[-1.3978470345886396, -1.2001266417846157, -1.056020328381535, -1.2001266417846157]"
attention_fetch,h32-miss256-r1152/gather/resident/eager,gpu_us,610.72874075,610.03877225,610.2790084999999,609.998748,-0.11952814748878993,-0.006560935438970628,-0.0459233393409364,"[-0.21636677524623504, -0.12456541237295671, 0.1505645005109857, -0.11449434141437287]"
attention_fetch,h32-miss256-r1152/gather/resident/graph,gpu_us,617.11898425,616.399005,616.0297392499999,616.408989,-0.11504997709038678,0.0016197300642950552,0.06156354569208933,"[0.06795844392026851, -0.22347434151749335, -0.09720240066553032, -0.3467781627240374]"
attention_fetch,h32-miss256-r1152/gather-parallel/total/eager,gpu_us,689.6914987499999,687.81100225,688.98125,687.31151525,-0.3450794310664196,-0.07261980374929644,-0.24234835853661485,"[-0.11042951647590726, 0.45660770156457087, -0.8983296611899227, -0.8584427124498362]"
attention_fetch,h32-miss256-r1152/gather-parallel/total/graph,gpu_us,694.06197975,700.4517465,698.5014975,697.5110024999999,0.49693296141106735,-0.41983534407535883,-0.14180284559807133,"[0.3317179523096847, 0.6905889869257775, 1.282572270529636, -0.7964155819298435]"
attention_fetch,h32-miss256-r1152/gather-serial/total/eager,gpu_us,791.07476775,791.13474475,791.064754,791.37375975,0.03779566890376174,0.03021166768191197,0.03906200452459263,"[0.16931956945533955, -0.2678999620511546, 0.017564863965846556, 0.13927621460310124]"
attention_fetch,h32-miss256-r1152/gather-serial/total/graph,gpu_us,797.56476,795.9844915000001,796.86449475,796.55499775,-0.12660567525576427,0.07167303585586815,-0.03883935123712989,"[0.4048326467130714, -0.24553431121875358, -0.3285530858307628, -0.06520265183377338]"
attention_fetch,h32-miss256-r1152/memcpy/copy/eager,gpu_us,541.9667509999999,541.4070037500001,540.7770125000001,541.6867585,-0.051662302066191046,0.051671801077968205,0.1682294141524654,"[0.10297856914909254, -0.18471184067887503, 0.16315330891303326, 0.08109774626241517]"
attention_fetch,h32-miss256-r1152/memcpy/copy/graph,gpu_us,545.0069905,544.31650025,544.5172487499999,545.0570135,0.0091784143821938,0.1360446081755562,0.09912720877791603,"[-0.10633363550570651, 0.10648742487404661, -0.06993531060640601, 0.022004229063377068]"
attention_fetch,h32-miss256-r1152/memcpy/merge/eager,gpu_us,5.98,5.93,5.92075,5.9805,0.008361204013374035,0.8516020236087662,1.009162690537524,"[0.008445945945956268, 0.01672240802674807, -0.6644518272425071, 0.33444816053511683]"
attention_fetch,h32-miss256-r1152/memcpy/merge/graph,gpu_us,12.9805,11.9405,11.930499999999999,12.000499999999999,-7.549786217788224,0.5024915204555835,0.5867314865261264,"[-8.119903525898708, -6.686882824041684, -8.751920122887846, -5.567575921489832]"
attention_fetch,h32-miss256-r1152/memcpy/miss_attention/eager,gpu_us,91.48275100000001,91.45299899999999,91.38299900000001,91.4027505,-0.08744872571662121,-0.05494461696110564,0.02161397657782782,"[0.04374145546970354, -0.41438509496719567, -0.24037477123112216, 0.15310083542532382]"
attention_fetch,h32-miss256-r1152/memcpy/miss_attention/graph,gpu_us,98.47300150000001,97.32300025,97.273251,97.23300075,-1.2592291603907402,-0.09247505704593761,-0.04137853889555343,"[-1.3598109523751734, -1.1582683866663945, -1.2606325933724793, -1.2788911909175749]"
attention_fetch,h32-miss256-r1152/memcpy/resident/eager,gpu_us,610.26924875,610.26901,610.6290072500001,610.0887357500001,-0.029579239060406604,-0.02954012854100574,-0.08847786357761844,"[0.05228743363221433, -0.16715695002903486, 0.10474609077673058, -0.2159908795020371]"
attention_fetch,h32-miss256-r1152/memcpy/resident/graph,gpu_us,617.43925525,615.6192570000001,615.94924325,616.21898425,-0.19763417852431964,0.09741853315674565,0.0437927317804121,"[-0.16519228058939905, -0.5527136784899578, -0.1720206268201907, -0.06789954452133262]"
attention_fetch,h32-miss256-r1152/memcpy-parallel/total/eager,gpu_us,1226.1080145,1222.68778075,1223.85850575,1220.92697025,-0.4225601813811486,-0.14401145801259396,-0.23953222420948217,"[-0.35440612489257006, -0.17242112149807864, -0.48256476319803454, -0.5550092948145458]"
attention_fetch,h32-miss256-r1152/memcpy-parallel/total/graph,gpu_us,737.41351075,740.943253,739.6030127500001,738.5630012500001,0.15588139941062895,-0.3212461602643102,-0.14061753157724732,"[0.12724643566432992, -0.52548988387493, 1.3554917952189438, -0.23334210499875718]"
attention_fetch,h32-miss256-r1152/memcpy-serial/total/eager,gpu_us,1352.4225057499998,1346.6114994999998,1348.032236,1349.241018,-0.23524362663837062,0.19526927409847517,0.08967011082663401,"[-0.2660950630919978, -0.31324855685951336, -0.17330559963433245, -0.45587686391367344]"
attention_fetch,h32-miss256-r1152/memcpy-serial/total/graph,gpu_us,1349.22301775,1348.3715055000002,1346.781492,1345.0617790000001,-0.3084174147087504,-0.24546102364961797,-0.12769057268867678,"[-0.250634316473064, -0.4386733246384278, 0.4990018500192317, -0.3662125475623057]"
attention_fetch,h32-miss32-r1152/gather/copy/eager,gpu_us,7.98025,8.0305,7.99,8.01025,0.37592807242881054,-0.2521636261752169,0.2534418022527962,"[-0.74252830889181, 0.24875621890547706, 1.0037245123413863, 0.7575757575757569]"
attention_fetch,h32-miss32-r1152/gather/copy/graph,gpu_us,14.86,13.89025,13.8705,13.90025,-6.458613728129203,0.07199294469142359,0.21448397678527353,"[-6.848763464313279, -5.37298387096774, -6.465633423180583, -6.072874493927127]"
attention_fetch,h32-miss32-r1152/gather/merge/eager,gpu_us,5.970000000000001,5.99,5.96,5.95025,-0.33082077051928005,-0.663606010016704,-0.1635906040268531,"[-1.000000000000012, 0.008389261744956578, 0.0, 0.33783783783782884]"
attention_fetch,h32-miss32-r1152/gather/merge/graph,gpu_us,12.97,11.94025,11.9705,12.01075,-7.395913646877417,0.5904398986620762,0.33624326469237076,"[-8.112557427258803, -7.388289676425264, -7.866512345679022, -6.497678018575847]"
attention_fetch,h32-miss32-r1152/gather/miss_attention/eager,gpu_us,15.54025,15.580000000000002,15.5705,15.61,0.44883447820980304,0.19255455712450242,0.2536848527664448,"[0.25319701291626195, 1.0335583475985954, -0.2609452015076785, 0.12853470437017567]"
attention_fetch,h32-miss32-r1152/gather/miss_attention/graph,gpu_us,22.380999749999997,21.3007505,21.35025075,21.3807505,-4.4691893176040836,0.3755736212205374,0.14285429411173833,"[-5.148637907684095, -4.466316335572418, -4.744635529847274, -4.027102991816111]"
attention_fetch,h32-miss32-r1152/gather/resident/eager,gpu_us,685.924992,685.83549525,686.2539949999999,685.6757552500001,-0.03633586075836304,-0.02329129960555454,-0.0842603109363127,"[-0.1784176921258318, -0.18324338769909465, 0.18284727560031744, -0.06378244923002097]"
attention_fetch,h32-miss32-r1152/gather/resident/graph,gpu_us,692.1097487500001,692.129001,691.9575035,691.4797572499999,-0.09102479789340201,-0.09380386446198319,-0.06904271542451657,"[-0.046480013841954104, 0.008967490978650794, -0.4019534838512362, 0.023066682689654172]"
attention_fetch,h32-miss32-r1152/gather-parallel/total/eager,gpu_us,704.0060162499999,703.7667485,702.5087475,704.83249425,0.11739643993420312,0.15143451324910462,0.3307783366782724,"[-0.08863466098699702, 0.47986684722205464, 0.04746559276920248, 0.02580227498698573]"
attention_fetch,h32-miss32-r1152/gather-parallel/total/graph,gpu_us,709.05049175,712.77025325,712.7907575,709.119752,0.009768027919854205,-0.5121567901234636,-0.5150186729238171,"[-0.18018281733980235, 0.008399904078637555, 0.3039867240637095, -0.04236969202242591]"
attention_fetch,h32-miss32-r1152/gather-serial/total/eager,gpu_us,717.6764905,717.72700525,717.9389895,716.827765,-0.11826017867865302,-0.1252900118599909,-0.15477979553303323,"[0.013095063870194323, -0.17254194569228387, -0.20980279513880262, -0.06396328443882826]"
attention_fetch,h32-miss32-r1152/gather-serial/total/graph,gpu_us,723.831013,722.5110085,723.030761,724.44050025,0.08420297542570676,0.26705361265093597,0.194976386350465,"[0.11594070680698287, -0.26237056372231393, 0.18486618284840883, 0.05248190188069657]"
attention_fetch,h32-miss32-r1152/memcpy/copy/eager,gpu_us,71.86200124999999,71.9015,71.71150125,71.80175224999999,-0.08383985827280505,-0.1387283297288766,0.12585289448252546,"[-0.582993947974797, 0.05544342985825956, 0.3901439944077101, 0.0006968276311747346]"
attention_fetch,h32-miss32-r1152/memcpy/copy/graph,gpu_us,78.53199925,78.74250025,78.4122515,78.6522515,0.15312516063317183,-0.11461250241415755,0.30607461896436927,"[-0.4053589951777292, 0.1275118723419011, 0.3568651180464677, 0.1024146955241001]"
attention_fetch,h32-miss32-r1152/memcpy/merge/eager,gpu_us,5.92,5.90025,5.91025,5.94025,0.34206081081080697,0.6779373755349427,0.5075927414238013,"[0.3462837837837851, 0.33783783783782884, 0.6756756756756799, -0.33783783783782884]"
attention_fetch,h32-miss32-r1152/memcpy/merge/graph,gpu_us,13.02025,11.97025,12.0105,11.890500000000001,-8.676868723718822,-0.6662350410392315,-0.9991257649556551,"[-8.881742659163127, -8.895364441547471, -8.200464396284824, -6.611538461538469]"
attention_fetch,h32-miss32-r1152/memcpy/miss_attention/eager,gpu_us,15.530249999999999,15.570250000000001,15.5305,15.570500000000001,0.25917161668358446,0.0016056261139096861,0.25755770902418096,"[0.26060937550271834, -1.7676178708884716, 0.38981958762887015, 0.13208762886598446]"
attention_fetch,h32-miss32-r1152/memcpy/miss_attention/graph,gpu_us,22.35074975,21.33100025,21.3005,21.350750249999997,-4.47412060528306,0.09258825075491028,0.23591112884673304,"[-5.260925630261526, -4.297128341034062, -4.47830903894878, -4.469935824333104]"
attention_fetch,h32-miss32-r1152/memcpy/resident/eager,gpu_us,685.8875005,686.017752,685.5285017499999,685.6159865,-0.0395857921017817,-0.058564883901135456,0.012761650285386672,"[-0.11124295552051855, -0.11634640605309166, -0.0325885211699517, 0.1870994161444539]"
attention_fetch,h32-miss32-r1152/memcpy/resident/graph,gpu_us,692.8702444999999,691.68950625,691.58048925,690.9794955,-0.2728864480772031,-0.10264876705291526,-0.08690149004229042,"[-0.28002107575361146, -0.25137782461327474, -0.5023030344251112, -0.11273543620314852]"
attention_fetch,h32-miss32-r1152/memcpy-parallel/total/eager,gpu_us,769.0505087500001,769.5902735,770.45001075,769.71174775,0.08598121872056552,0.01578427563118101,-0.09582231029906518,"[0.01272109345780148, 0.007996809632859758, -0.07589135262034974, 0.36422423680111393]"
attention_fetch,h32-miss32-r1152/memcpy-parallel/total/graph,gpu_us,710.1507485,720.480755,720.4609959999999,718.5402367500001,1.181367233326247,-0.2693365834594674,-0.2666014205715328,"[0.8379484640876234, 1.508415405243535, 0.8999370480876179, 1.5949836096987635]"
attention_fetch,h32-miss32-r1152/memcpy-serial/total/eager,gpu_us,784.322992,782.180503,783.2402440000001,782.9422505,-0.17604246134352852,0.09738768699529832,-0.03804624472284468,"[-0.3594168231593864, -0.15772174237356218, -0.1693001347320089, 0.0077255764803885185]"
attention_fetch,h32-miss32-r1152/memcpy-serial/total/graph,gpu_us,788.6037524999999,789.6334975,789.7444965,790.321991,0.21788363224914953,0.08719152647143069,0.07312421961271909,"[0.3015576631413497, 0.2188360266850431, 0.24324540162445896, 0.05835495928934176]"
fanout_q4,1/0,total_us,5362.584,3418.09825,3403.673,3401.72525,-36.56555776096001,-0.4790090513050682,-0.05722494493448638,"[-48.323730548283486, -36.29321348703433, -36.70871120325171, -36.441772940916294]"
fanout_q4,1/5000,total_us,5011.0255,5014.55875,5014.5289999999995,5014.494500000001,0.06922734677763387,-0.0012812692642083512,-0.0006880008072362997,"[0.0678599480828046, 0.06977624803745641, 0.0686784472704316, 0.07303093132848826]"
fanout_q4,2/0,total_us,7006.28025,3476.59675,3454.6674999999996,3460.5870000000004,-50.607356878138,-0.46050063183197265,0.17134789382773352,"[-58.05506555085, -49.035252239806525, -51.53046479026639, -49.651202456576094]"
fanout_q4,2/5000,total_us,5010.38825,5014.09875,5014.107250000001,5014.257,0.0772145751379627,0.003156100585366417,0.002986573532082204,"[0.07415981480001221, 0.07705468856971098, 0.08578330355133446, 0.0702627643772491]"
fanout_q4,3/0,total_us,10198.56575,3555.7920000000004,3553.2929999999997,3546.811,-65.22245297089937,-0.2525738288403856,-0.18242233331164925,"[-70.47975131611481, -64.05335024644867, -65.95942664014565, -64.4326908754937]"
fanout_q4,3/5000,total_us,5012.47025,5016.308000000001,5016.45975,5016.45975,0.07959149483229844,0.0030251332254538355,0.0,"[0.07140234382834176, 0.08059754702163247, 0.07858540681564552, 0.08293266832917201]"
fanout_q8,1/0,total_us,5374.53275,3399.01975,3407.583,3415.8755,-36.443302908517964,0.4959003253805827,0.2433543071437949,"[-36.479141133292856, -36.42348429799286, -36.73530093688425, -36.306999347673965]"
fanout_q8,1/5000,total_us,5000.05225,5003.648499999999,5003.60975,5003.57675,0.07048926338719674,-0.0014339536440144407,-0.0006595238567386197,"[0.07234924756782668, 0.0687892639548826, 0.07032930373991331, 0.07069925765779139]"
fanout_q8,2/0,total_us,7104.510499999999,3492.3089999999997,3494.1887500000003,3512.14675,-50.5645498025515,0.568041086856863,0.5139390366361685,"[-50.37509363060819, -50.75325293053831, -49.445114832945634, -50.465657700779644]"
fanout_q8,2/5000,total_us,5005.35775,5008.98525,5009.148,5008.986,0.07248732620559473,1.4973092610226502e-05,-0.003234082921887982,"[0.05942893487966838, 0.07517098777476416, 0.07428039370207529, 0.07026471838071924]"
fanout_q8,3/0,total_us,10418.6605,3563.534,3577.22325,3586.29325,-65.57817341298336,0.6386707689613802,0.25354861483695146,"[-65.53086578922364, -65.63451747164348, -64.6942211255017, -65.51495438995622]"
fanout_q8,3/5000,total_us,5005.218999999999,5008.788500000001,5008.570250000001,5008.53875,0.0663257691621677,-0.004986235693538177,-0.0006289219962707371,"[0.04672281127902078, 0.0631648328419665, 0.07590984679277657, 0.06989842401381452]"
mixed,kv-kv/isolated/scan0/eager,gpu_us,153.6949985,152.42499875,153.154999,154.184997,0.3188122611550215,1.1546650906566036,0.6725200004735088,"[0.19502519096377124, -0.8315757566142667, 0.5737216863486161, 0.44280891693047053]"
mixed,kv-kv/isolated/scan0/graph,gpu_us,160.8749965,158.6752535,159.67499825,160.044998,-0.5159275947521302,0.8632376314432699,0.23172052860818138,"[-0.47285955005226254, -1.557928258940966, 1.0708958341844044, -0.5589154014290831]"
mixed,kv-kv/isolated/scan1/eager,gpu_us,153.40499949999997,153.53500100000002,152.8147495,153.33500149999998,-0.04562954286245757,-0.13026313133644996,0.3404461949531701,"[-0.26074216077272006, 0.1694830638298006, 1.4910550541983758, -0.40336686833566393]"
mixed,kv-kv/isolated/scan1/graph,gpu_us,160.15499825,158.844996,159.445502,159.24500275,-0.568196753110084,0.2518220655814529,-0.12574782448238064,"[-0.7234917236154992, -0.13745727935841057, 0.012566824763626805, -0.6858475026630728]"
mixed,kv-kv/parallel/total/eager,gpu_us,285.18924875,280.77899675,284.06924775000005,287.05925475,0.6557070465300852,2.236726419245594,1.052562719718031,"[1.7072880237551047, -1.9803451213777357, 1.5483755932464094, -0.1810567783329553]"
mixed,kv-kv/parallel/total/graph,gpu_us,284.87899899999996,288.1095035,289.44925975,289.75899525,1.7130066684908574,0.5725225061866013,0.10700856525509561,"[2.525563719888968, 1.4672432198790109, 2.303167767810521, 0.3881493385641477]"
mixed,kv-kv/serial/total/eager,gpu_us,310.6900005,306.8699985,308.51000550000003,312.55000075,0.5986675615586856,1.8509473971923596,1.309518387726949,"[2.610089914709679, -2.2208887786659193, 0.9703371695910512, 0.2946774668185048]"
mixed,kv-kv/serial/total/graph,gpu_us,318.73000375,312.68999725000003,314.52025449999996,318.25025375,-0.15051924649561732,1.7782009494708761,1.1859329237570826,"[1.9165035037419953, -2.280605174365713, 0.42237575993790966, -1.1756361339494092]"
mixed,matrix-kv/isolated/compute/eager,gpu_us,101.16349925,101.1832505,100.6930005,100.89300025,-0.26738794328529103,-0.28685602465400306,0.1986232896098894,"[-0.5328074274488226, -0.4740360235591434, 0.019319583453603073, -0.515040091295571]"
mixed,matrix-kv/isolated/compute/graph,gpu_us,102.613,101.24325025,101.2334995,101.52324825,-1.0620016469648164,0.2765596711964413,0.28621824932566486,"[-1.0343147921372697, -1.0323047632032512, -2.0897923749921388, -0.8186824064051246]"
mixed,matrix-kv/isolated/scan0/eager,gpu_us,153.7449995,153.09500300000002,153.96499625,154.21500075,0.30570181243521066,0.731570415789462,0.16237749234511156,"[0.5872185449620648, -0.9207320503184624, 1.293398430326942, -0.2328194040370657]"
mixed,matrix-kv/isolated/scan0/graph,gpu_us,160.7852465,158.56524925000002,159.23525024999998,159.76524725,-0.6343860971099846,0.7567849864178022,0.3328389908439977,"[-0.09902958586641697, -1.569094209605748, 0.5666308740504444, -0.38627929720949084]"
mixed,matrix-kv/parallel/total/eager,gpu_us,225.23724675,219.21725225,222.10699699999998,224.54700225,-0.3064522009391002,2.43126393807811,1.0985719869059274,"[1.6674435783976094, -1.8550609091244397, 0.723002287775576, -1.576760670011379]"
mixed,matrix-kv/parallel/total/graph,gpu_us,218.05700274999998,222.65699875,225.82725075,222.83725425,2.1922026991632704,0.08095658389897231,-1.3240193511056986,"[4.830379718375855, -0.5019019708584982, 3.6222319433114603, 1.7708249688889621]"
mixed,matrix-kv/serial/total/eager,gpu_us,262.1585055,256.058,258.57825575000004,262.10875050000004,-0.018978976060701758,2.3630390380304567,1.3653486600255338,"[2.7114717611352646, -3.1790153215652928, 0.4205678805947466, -0.4564850688138167]"
mixed,matrix-kv/serial/total/graph,gpu_us,263.008505,256.20824825,258.16799725,262.57824125,-0.16359309369101682,2.4862560216189378,1.7082845461009244,"[1.7613453521695854, -2.7179445890980203, 0.45822592479363156, -0.43196202586780474]"
pipeline,h128-l8-miss128/isolated/compute/eager,gpu_us,227.11700574999998,227.78724875,226.71725225,227.82725075000002,0.31272206924999324,0.017561123469178597,0.4895959566306063,"[-0.67609074795002, 1.2496238635280266, -0.5417993821184464, 0.6623910013237033]"
pipeline,h128-l8-miss128/isolated/compute/graph,gpu_us,234.46774499999998,233.6570025,233.8672505,233.61800225000002,-0.3624134952975977,-0.01669123954458618,-0.1065768077689877,"[-0.554018153412994, -0.6658434814529213, -0.6288019227048802, 0.06817271687882265]"
pipeline,h128-l8-miss128/isolated/d2h/eager,gpu_us,5.7705,5.7805,5.750500000000001,5.85025,1.3820292868902184,1.2066430239598747,1.734631771150319,"[1.0309278350515427, 1.041666666666674, 1.388768336081947, 1.3753135541908046]"
pipeline,h128-l8-miss128/isolated/d2h/graph,gpu_us,12.840250000000001,12.760000000000002,12.73025,12.760000000000002,-0.6249878312338142,0.0,0.23369533198485115,"[-2.1542951499558427, -1.0797213622291024, -0.16065201206849622, 0.31003492798555854]"
pipeline,h128-l8-miss128/isolated/h2d/eager,gpu_us,9.209999999999999,9.20025,9.250499999999999,9.27,0.6514657980456029,0.7581315725116111,0.21079941624777554,"[1.084598698481587, 0.6521739130434856, 1.310043668122285, -0.21058315334772093]"
pipeline,h128-l8-miss128/isolated/h2d/graph,gpu_us,16.100249750000003,14.900749999999999,14.86025,14.98025,-6.956412275530088,0.5335301914333179,0.8075234265910725,"[-8.11067834011051, -6.486699696811183, -6.84931216840946, -6.9421641213097685]"
pipeline,h128-l8-miss128/serial/total/eager,gpu_us,2152.8311967500003,2153.469503,2154.49041125,2153.95951275,0.05241079754432221,0.02275443182815362,-0.02464148817871159,"[0.07891128226633626, 0.03053505336381157, -0.19946834406496805, 0.4708259583366514]"
pipeline,h128-l8-miss128/serial/total/graph,gpu_us,2157.6392650000003,2158.6292387500002,2157.5604675000004,2153.53924025,-0.19002364373453817,-0.23579771869242094,-0.1863784264947932,"[-0.17703427255906234, 0.32082907949952943, -0.3020304306533994, -0.203015058969247]"
pipeline,h128-l8-miss128/three_streams/total/eager,gpu_us,2267.0929432499997,2268.03302775,2268.4632540000002,2267.37302525,0.01235423544649894,-0.029100215557931186,-0.048060234084812414,"[-0.29969994355157903, 0.25706925082946697, 0.0017675668080086027, 0.29980850879804954]"
pipeline,h128-l8-miss128/three_streams/total/graph,gpu_us,2185.9201787499996,2213.50151275,2211.11172425,2213.4717705,1.2604116114502961,-0.001343674256781835,0.10673573045254514,"[1.317147914768002, 1.2960240669835477, 1.0647312081109472, 1.3351149013689945]"
pipeline,h128-l8-miss128/two_streams/total/eager,gpu_us,2260.3237630000003,2259.272754,2262.89343825,2261.63303825,0.05792423507779976,0.1044709739371319,-0.05569860156450224,"[-0.22008352855104052, 0.319765732638011, -0.340665174635002, 0.3917207911754206]"
pipeline,h128-l8-miss128/two_streams/total/graph,gpu_us,2168.19971775,2228.89202825,2228.4124492499996,2224.79176525,2.6100938505206894,-0.18395969602974516,-0.16247818042921525,"[2.5715041452828657, 2.7114401903052476, 2.5089091342435976, 2.621349062092837]"
pipeline,h32-l32-miss128/isolated/compute/eager,gpu_us,227.557499,227.437746,227.387499,227.656994,0.043723015254260034,0.09639912629102465,0.11851794895725298,"[0.10541294776296173, -0.10546278562508782, -0.04439404455474083, 0.1669986145845792]"
pipeline,h32-l32-miss128/isolated/compute/graph,gpu_us,234.0072505,233.2477535,233.157497,233.07749625,-0.39731856513565145,-0.07299416497916766,-0.03431189261737799,"[-0.23898472571997065, -0.44424227806250105, -0.2996351318382051, -0.5038699630713794]"
pipeline,h32-l32-miss128/isolated/d2h/eager,gpu_us,5.789999999999999,5.8,5.7805,5.789999999999999,0.0,-0.17241379310346527,0.16434564484040237,"[0.6920415224913601, 0.3472222222222099, -0.3436426116838587, -0.6896551724137945]"
pipeline,h32-l32-miss128/isolated/d2h/graph,gpu_us,12.82075,12.8105,12.790000000000001,12.81025,-0.08189848487802909,-0.0019515241403533778,0.15832681782641522,"[-1.2402921061782646, 1.0949334798477262, -0.7775747443723002, 0.4655347781863828]"
pipeline,h32-l32-miss128/isolated/h2d/eager,gpu_us,9.2,9.280249999999999,9.24025,9.15025,-0.5407608695652155,-1.4008243312410684,-0.9739996212223656,"[-0.6495633187772909, -2.1412129971629, -0.8658008658008698, 1.9779133014669492]"
pipeline,h32-l32-miss128/isolated/h2d/graph,gpu_us,16.04024975,14.91075,14.9505,14.9205,-6.980874783449053,0.06538906493638308,-0.20066218521119783,"[-7.465563881720105, -6.7582424355781985, -7.089334688307735, -6.243747070117111]"
pipeline,h32-l32-miss128/serial/total/eager,gpu_us,8621.087551,8624.45735925,8623.579740500001,8614.376545,-0.0778440766353583,-0.11688635968718497,-0.10672128949860138,"[-0.04874368190179723, 0.026712275970863786, -0.10412319707575612, -0.15563000206713085]"
pipeline,h32-l32-miss128/serial/total/graph,gpu_us,8609.517335749999,8615.247488,8610.530138,8607.776641499999,-0.02021825593836457,-0.08671656281967755,-0.03197824589045162,"[-0.017648663837854794, 0.04742175927432424, -0.030647974262998368, -0.09433382958030645]"
pipeline,h32-l32-miss128/three_streams/total/eager,gpu_us,8975.067854,8971.077203499999,8977.560519999999,8970.848321750002,-0.04701393146703259,-0.0025513296207924085,-0.07476639377751448,"[0.02873662471292171, -0.06661417782620749, -0.027417357581949187, -0.2567720444113353]"
pipeline,h32-l32-miss128/three_streams/total/graph,gpu_us,8736.261606,8819.4544315,8822.71361325,8822.92389875,0.9919837186478153,0.03933879671293994,0.002383456034249498,"[1.0240185452401018, 1.133720524788706, 0.7910247814780558, 0.9974946813398944]"
pipeline,h32-l32-miss128/two_streams/total/eager,gpu_us,8934.427261249999,8929.1262625,8932.66010275,8924.607038499998,-0.10991440707780464,-0.050612163689311984,-0.09015303568443711,"[0.11690891874012177, -0.16473138550519018, -0.142263894288841, -0.17820929298068]"
pipeline,h32-l32-miss128/two_streams/total/graph,gpu_us,8634.898424,8899.10602575,8899.696827,8889.705657999999,2.950900189998551,-0.10563271999232127,-0.11226415005159973,"[2.9267283744505823, 3.1758650020841994, 2.9390491858456658, 2.8539454652299012]"
pipeline,h32-l8-miss32/isolated/compute/eager,gpu_us,195.04574675,195.12599699999998,195.0259955,195.06574825,0.010254773730422606,-0.030876844155203198,0.020383308336979766,"[-0.0514424201021324, -0.27640168367631945, 0.020785010175794483, 0.18470673374073598]"
pipeline,h32-l8-miss32/isolated/compute/graph,gpu_us,201.3660035,200.47600175,200.6762475,200.44625175000002,-0.45675622201043486,-0.014839681428346907,-0.1146103501860507,"[-0.4961658161588778, -0.5359105002038844, -0.29819219735304214, -0.49675952516049504]"
pipeline,h32-l8-miss32/isolated/d2h/eager,gpu_us,5.80025,5.82025,5.79025,5.82,0.34050256454463135,-0.004295348137961508,0.5137947411597121,"[0.33617791569693356, -1.718213058419249, 0.6896551724137945, 0.6920415224913601]"
pipeline,h32-l8-miss32/isolated/d2h/graph,gpu_us,12.87025,12.8805,12.8305,12.850249999999999,-0.15539713680776668,-0.234851131555458,0.15393008846107392,"[-0.15527347540856828, 0.6269592476489061, -0.6220839813374623, -0.3095855423551619]"
pipeline,h32-l8-miss32/isolated/h2d/eager,gpu_us,7.980499999999999,8.0,8.00025,7.990499999999999,0.1253054319904745,-0.1187500000000119,-0.12187119152526904,"[-1.0011815185622774, 0.7455673203433433, 0.5037466154524273, 0.2506108639809268]"
pipeline,h32-l8-miss32/isolated/h2d/graph,gpu_us,15.04075,13.70075,13.8305,13.80075,-8.244269733889587,0.7298870499790278,-0.21510429847076962,"[-9.048600491988568, -7.831745293980951, -8.168797269259088, -7.180612346664006]"
pipeline,h32-l8-miss32/serial/total/eager,gpu_us,1683.81178375,1684.63200325,1685.2332352500002,1685.61023475,0.10680831535665458,0.05806796369254297,0.022370761038525977,"[0.07954848644031731, -0.05817569592951877, 0.058250043145391395, 0.17107603315655862]"
pipeline,h32-l8-miss32/serial/total/graph,gpu_us,1685.26199475,1685.122013,1685.59300925,1685.752988,0.029134535255015415,0.03744387617823364,0.009490947644064107,"[0.03564250841374683, 0.02015659457346164, -0.09719139771620089, 0.1995939538952607]"
pipeline,h32-l8-miss32/three_streams/total/eager,gpu_us,1804.28576475,1804.5760095,1804.4997455000002,1802.5240302500001,-0.09764165601805486,-0.11370977111506697,-0.10948825318081168,"[0.07861430251598911, -0.11633240505980469, -0.12870811378407065, -0.2061947198563452]"
pipeline,h32-l8-miss32/three_streams/total/graph,gpu_us,1715.2427435,1746.9640075,1747.85599125,1746.4852335,1.8214617212866768,-0.027406059766799107,-0.07842509662479014,"[1.7475132920355962, 1.868695845488899, 1.7694542114217837, 1.9524648747084372]"
pipeline,h32-l8-miss32/two_streams/total/eager,gpu_us,1792.2744752499998,1794.6450115,1792.74779575,1793.3647632500001,0.06083264673220068,-0.07133713028459887,0.03441462884308244,"[-0.11925014077446283, 0.1283578468062041, 0.04133698408090858, 0.24127521660486373]"
pipeline,h32-l8-miss32/two_streams/total/graph,gpu_us,1701.6925215,1759.3249975,1759.95549575,1760.234982,3.4402490320869505,0.051723501984723974,0.01588030212553715,"[3.5550866715436946, 3.378847479416547, 3.448396284504285, 3.4335987875325102]"
queued,balanced-64/2/1/0,total_us,3183.5175,3186.8075,3182.4135,3185.6075,0.06565065214814148,-0.03765523960891359,0.10036407902367372,"[-0.1625121327443746, -0.30904486310644463, 0.19041662060574893, 0.40782166847577184]"
queued,balanced-64/2/1/1,total_us,3146.833,3153.3675,3152.592,3152.592,0.18300939388902204,-0.024592756790942083,0.0,"[0.24064132914798364, -0.07125622856634095, 0.3553399485670461, 0.18449580418269385]"
queued,balanced-64/2/1/2,total_us,3159.3805,3171.628,3152.712,3159.4515,0.0022472760087044463,-0.38391955172548675,0.2137683365940113,"[0.020767965871004712, 0.15333247761259994, -0.2562091404205491, 0.12312370286611252]"
queued,balanced-64/2/16/0,total_us,3156.34275,3154.72425,3153.5432499999997,3155.067,-0.04041861423319526,0.010864657980791392,0.048318665044488895,"[-0.07843232965096814, 0.23529875190324567, -0.20049652784807082, 0.027108025004607406]"
queued,balanced-64/2/16/1,total_us,3152.45475,3150.6547499999997,3154.64325,3155.822,0.1068135870943232,0.16400559280576044,0.03736555631133065,"[0.029269868984815872, 0.21080757739475597, -0.08378560531252521, -0.2473983756790421]"
queued,balanced-64/2/16/2,total_us,3152.51525,3156.2055,3155.3959999999997,3154.0372500000003,0.04827890999101747,-0.0686979982767233,-0.043061156190837835,"[0.07115910522539348, 0.11872522889702086, -0.13429293660327524, 0.07865187448341526]"
queued,balanced-64/4/1/0,total_us,3708.9135,3674.4935,3703.974,3695.3914999999997,-0.3645811637289609,0.5687314455720127,-0.23171058976116932,"[0.16965754939635147, -1.7302020151761521, 0.2961179238959888, -0.5663407259207887]"
queued,balanced-64/4/1/1,total_us,3713.7740000000003,3687.0735,3718.32,3703.172,-0.28547779159422415,0.43661999143764785,-0.4073882828804498,"[-0.6757495889728959, -0.07206452762212878, -0.7867760177507566, -0.19593757888176633]"
queued,balanced-64/4/1/2,total_us,3698.9155,3724.7355,3709.379,3722.2525,0.6309146559309031,-0.06666245160226181,0.3470527007350954,"[0.2563576619730723, 0.719167756643424, 0.1644071274084835, 0.8476730157648715]"
queued,balanced-64/4/16/0,total_us,3692.71625,3683.13475,3688.87725,3689.72525,-0.08099728756575386,0.1789372490376584,0.02298802433722269,"[-0.3939871491385416, -0.13397232973840767, 0.3793656295745018, -0.06465428349843316]"
queued,balanced-64/4/16/1,total_us,3696.3965,3694.608,3693.60925,3686.9545,-0.25543796505597127,-0.2071532352011407,-0.1801693018827044,"[-0.5303663959765226, -0.01738646448820047, 0.1507260109565811, -0.6417625064232935]"
queued,balanced-64/4/16/2,total_us,3681.72625,3678.7355,3677.94525,3676.9539999999997,-0.1296199031636469,-0.04842696627685994,-0.026951189662227648,"[-0.06177290401029323, -0.1796803168974237, -0.4757935107096989, 0.2668790220175188]"
queued,uneven-64/2/1/0,total_us,3470.2695000000003,3475.229,3467.2325,3469.9295,-0.009797509962850004,-0.15249354790719538,0.07778538070348784,"[-0.03460506714996203, 0.01501462989801361, 0.327901505419792, -0.393798648314303]"
queued,uneven-64/2/1/1,total_us,3485.2110000000002,3479.7505,3477.0095,3485.499,0.008263488207727043,0.16519862559110088,0.24416096648569585,"[0.3478751681060599, -0.25554867804402637, -0.7185423936282076, 0.031474953024268615]"
queued,uneven-64/2/1/2,total_us,3473.45,3476.6490000000003,3475.313,3471.44,-0.057867538038547384,-0.14982818225252048,-0.11144319950462389,"[0.05191694443242856, 0.031132488881358, 0.03452634973839519, -0.15022206615067368]"
queued,uneven-64/2/16/0,total_us,3477.4297500000002,3476.991,3476.25275,3476.8215,-0.017491367007493874,-0.004874904766793975,0.016361008272491873,"[-7.192936422040219e-05, 0.038568074665046304, -0.06384617342034549, -0.0022426353150084566]"
queued,uneven-64/2/16/1,total_us,3478.021,3477.5105000000003,3474.042,3477.91275,-0.003112402139038295,0.011567182902805229,0.11141920563999541,"[-0.0178699173527197, 0.09262267578566963, -0.24263037896802286, -0.07115746800069322]"
queued,uneven-64/2/16/2,total_us,3475.661,3477.3505,3474.33125,3475.5115,-0.004301340090417938,-0.05288509168115407,0.03397056627802986,"[0.12896232460886115, -0.07594439109376294, -0.3598519144483947, 0.09568776534190082]"
queued,uneven-64/4/1/0,total_us,4546.785,4529.6044999999995,4527.086499999999,4530.305,-0.3624539097406121,0.015464926352870556,0.0710942898926481,"[-0.1981809630009379, -0.8721045413401018, 0.2796877441718193, 0.10414593523313531]"
queued,uneven-64/4/1/1,total_us,4530.985000000001,4511.724,4518.403,4513.024,-0.3964038724471708,0.02881381928505622,-0.11904648611467117,"[-0.9152353188302209, -0.5800274333427891, -0.22719919807367983, 0.5866399039918813]"
queued,uneven-64/4/1/2,total_us,4526.3655,4516.8240000000005,4513.846,4517.535,-0.19509029926990662,0.015741149090575668,0.08172631498726268,"[-0.14238396105018536, 0.16673780342619793, -0.1815434916215386, -0.24775055787489286]"
queued,uneven-64/4/16/0,total_us,4499.26375,4504.41425,4496.983,4498.04425,-0.02710443458666667,-0.14141683349838674,0.023599155255871196,"[-0.33319309364249206, 0.09757171905491191, -0.022189334326649934, 0.23365543429587632]"
queued,uneven-64/4/16/1,total_us,4506.085,4496.6845,4487.603,4502.328750000001,-0.08335950165164752,0.12552025831478186,0.32814288607971864,"[-0.05064344814954547, 0.38192555823313157, -0.2905747008127624, -0.11606016669090113]"
queued,uneven-64/4/16/2,total_us,4500.35375,4486.35425,4491.92325,4496.978,-0.0750107699866942,0.23680140728965515,0.11252974992392861,"[-0.2987948282552111, 0.32920929577595626, -0.3511354415073109, 0.2257776333955741]"
