suite,cell,stock_gpu_us,previous_v7_gpu_us,v10_central_gpu_us,v10_distributed_gpu_us,distributed_stock_percent,distributed_previous_percent,distributed_central_percent
experts,b16-balanced/1_streams/total/eager,416.43349824999996,415.54350425,417.893745,416.524008,0.021734502719006343,0.23595694312912308,-0.3277715965813388
experts,b16-balanced/1_streams/total/graph,408.42299925,406.3732475,406.69300425,406.8832545,-0.3769975620441124,0.1255021099783482,0.04677981868679293
experts,b16-balanced/2_streams/total/eager,248.13800325,246.15800000000002,248.90799825,247.057747,-0.4353449434795431,0.3655160506666366,-0.7433474468512724
experts,b16-balanced/2_streams/total/graph,225.37699725,227.006998,227.99725075,225.8369995,0.20410346025230286,-0.5154019524984066,-0.9474900433640521
experts,b16-balanced/4_streams/total/eager,198.78650075000002,198.72625175000002,200.13624800000002,199.75699874999998,0.4882112197449828,0.5186768184490598,-0.18949553306307765
experts,b16-balanced/4_streams/total/graph,233.6875015,155.65500425,154.9849995,153.5547525,-34.29055832496031,-1.3492992147086658,-0.9228293090390194
experts,b16-balanced/batched/total/eager,84.02300075,83.92300075,84.1627495,83.85300050000001,-0.20232584944901433,-0.0834100894563039,-0.3680357424634684
experts,b16-balanced/batched/total/graph,84.222749,82.93275175,83.26249924999999,83.01299975,-1.4363687535299818,0.09676273644207978,-0.29965410868925124
experts,b16-balanced/isolated/expert0/eager,106.552998,106.253499,106.49325149999999,106.473753,-0.0743714409612406,0.2072910558926555,-0.01830961091462413
experts,b16-balanced/isolated/expert0/graph,108.04349725,107.283499,106.9434995,106.74300025000001,-1.2036791043433137,-0.5038041777515101,-0.1874814747389042
experts,b16-balanced/isolated/expert1/eager,106.34324899999999,105.92325025,106.31324925,105.73324925,-0.5736139865352263,-0.17937610444501706,-0.5455575895682574
experts,b16-balanced/isolated/expert1/graph,108.17349875,107.18299975000001,107.10375,107.02374975,-1.062874930815716,-0.14857766658095128,-0.07469416336963741
experts,b16-balanced/isolated/expert2/eager,106.00325075,105.69325099999999,106.32349925,105.993502,-0.009196651924370247,0.28407774116061546,-0.3103709455837822
experts,b16-balanced/isolated/expert2/graph,108.27375225,107.49375075,107.37324875,106.93325075000001,-1.2380669110873876,-0.5214256606447365,-0.4097836333744942
experts,b16-balanced/isolated/expert3/eager,105.94375050000001,106.193751,105.87324949999999,105.96350025,0.018641731963220387,-0.21682137398085777,0.08524414847586037
experts,b16-balanced/isolated/expert3/graph,108.60349975,107.0335005,106.99324875,107.12349975000001,-1.3627553471176168,0.08408512248929689,0.12173758767186627
experts,b16-balanced/isolated/merge/eager,6.08025,6.1005,6.07025,6.08,-0.004111673039763897,-0.3360380296697052,0.16061941435692173
experts,b16-balanced/isolated/merge/graph,13.2005,12.020499999999998,12.040249999999999,12.120000000000001,-8.185296011514708,0.8277525893265913,0.6623616619256367
experts,b64-balanced/1_streams/total/eager,175.53574925,174.38599825,174.63575300000002,175.16574624999998,-0.21078498344691,0.44713910969051973,0.3034849627842062
experts,b64-balanced/1_streams/total/graph,167.6652505,166.3152465,167.00550174999998,166.18549825,-0.8825634683318095,-0.0780134429828161,-0.4910038839483821
experts,b64-balanced/2_streams/total/eager,128.99400275,129.05400250000002,129.21399975,129.3739975,0.2945832689109418,0.24795433988960003,0.1238238505963496
experts,b64-balanced/2_streams/total/graph,111.49324849999999,110.4139985,110.73349975,109.00400025,-2.2326448314042846,-1.2770104055238929,-1.5618575263173562
experts,b64-balanced/4_streams/total/eager,129.44399950000002,129.1242465,129.314251,129.524,0.06180317381183631,0.3095882538218797,0.1622009936089519
experts,b64-balanced/4_streams/total/graph,116.774,98.56349775,98.933002,97.18299999999999,-16.776851011355276,-1.400617654115266,-1.7688758701570717
experts,b64-balanced/batched/total/eager,95.57299875000001,96.1132515,96.00324925000001,95.55299975,-0.020925366224333608,-0.5829079146281946,-0.4689940220955702
experts,b64-balanced/batched/total/graph,95.443001,94.56300175,94.79299925000001,94.74300199999999,-0.7334209870454522,0.1903495518002618,-0.05274361017754137
experts,b64-balanced/isolated/expert0/eager,45.412000250000006,45.11149975,45.0815,44.98125075,-0.9485367251578003,-0.28872682292058194,-0.2223733682330864
experts,b64-balanced/isolated/expert0/graph,47.5217495,46.35125025,46.321501,46.3612495,-2.4420397233060553,0.02157277300194327,0.08581004315901808
experts,b64-balanced/isolated/expert1/eager,45.301499750000005,44.89125025,45.00150125,44.99125025,-0.6848548099116836,0.22276055900225522,-0.02277924005923415
experts,b64-balanced/isolated/expert1/graph,47.37149925,46.42199975,46.45125025,46.291750750000006,-2.2793209357839683,-0.28057602150151073,-0.3433696598941327
experts,b64-balanced/isolated/expert2/eager,45.1815005,44.771499750000004,44.851499499999996,44.6815005,-1.106647620080703,-0.20101906458920293,-0.3790263467110977
experts,b64-balanced/isolated/expert2/graph,47.39174975,46.3315005,46.36150025,46.20150125000001,-2.511509927948996,-0.2805850201203608,-0.3451117827016237
experts,b64-balanced/isolated/expert3/eager,45.02124925,44.7814985,44.761249750000005,44.6515,-0.8212771883490011,-0.29029510926258384,-0.24518919961569186
experts,b64-balanced/isolated/expert3/graph,47.37125025,46.41150025,46.29150025,46.2115,-2.4482154131028055,-0.4309282159005501,-0.1728184430574764
experts,b64-balanced/isolated/merge/eager,6.12,6.06025,6.10025,6.0302500000000006,-1.466503267973851,-0.49502908295860903,-1.147493955165757
experts,b64-balanced/isolated/merge/graph,13.20025,12.040500000000002,12.050249999999998,12.010749999999998,-9.01119296983014,-0.24708276234378657,-0.3277940291695258
experts,b64-skewed/1_streams/total/eager,312.68999725,313.4199975,312.82025575,313.79999225,0.3549825737190426,0.1212413863285633,0.3131947122960499
experts,b64-skewed/1_streams/total/graph,307.80974775,302.489504,303.88999724999996,303.4794925,-1.4067960100850985,0.3272802814341613,-0.13508333729795874
experts,b64-skewed/2_streams/total/eager,203.096252,199.81624925,200.40624975,201.51674724999998,-0.7777124070216801,0.8510308878195483,0.5541231879670816
experts,b64-skewed/2_streams/total/graph,193.71624674999998,193.006251,192.796249,191.84624775,-0.965328944460353,-0.6010184872198732,-0.4927488241744715
experts,b64-skewed/4_streams/total/eager,197.246246,193.74599675000002,194.25625325000001,195.066497,-1.1050902332508827,0.681562598531471,0.41710047241425574
experts,b64-skewed/4_streams/total/graph,195.0659975,150.394745,155.39500125,154.645253,-20.72157373301311,2.826234387378368,-0.4824790012349367
experts,b64-skewed/isolated/expert0/eager,46.001250999999996,45.41150025,45.6712495,45.691500500000004,-0.6733523399178654,0.6165844520849006,0.0443408056965966
experts,b64-skewed/isolated/expert0/graph,48.201248750000005,47.01150025,47.172000749999995,46.9917495,-2.509269534225511,-0.04201259244007716,-0.38211491379236406
experts,b64-skewed/isolated/expert1/eager,45.291999,45.051500000000004,45.09149975,44.97175125,-0.7070735606083511,-0.17701685848419135,-0.2655677914106147
experts,b64-skewed/isolated/expert1/graph,47.781750249999995,46.60124975,46.6715005,46.5917505,-2.490490079944263,-0.020384109977644727,-0.1708751575278722
experts,b64-skewed/isolated/expert2/eager,105.25349899999999,104.613252,105.2732485,104.853248,-0.3802733436918726,0.2294126178201461,-0.39896223018139887
experts,b64-skewed/isolated/expert2/graph,107.22325000000001,106.323499,106.25374875,106.11350075,-1.034989379635487,-0.1975087840177303,-0.13199346060719375
experts,b64-skewed/isolated/expert3/eager,105.58375175,105.2129995,105.7434995,105.39299975,-0.18066416170895438,0.17108175877069698,-0.331462219103118
experts,b64-skewed/isolated/expert3/graph,107.84349950000001,106.9935,106.513001,107.46325175000001,-0.3525921838246737,0.43904699818213544,0.8921453166078841
experts,b64-skewed/isolated/merge/eager,6.09025,6.13075,6.140000000000001,6.1505,0.9892861540987674,0.3221465562941006,0.171009771986963
experts,b64-skewed/isolated/merge/graph,13.11075,12.11025,12.12075,12.15025,-7.326049234406873,0.3302987138993796,0.24338427902563797
grouped_s1,h32-l32-miss128-depth1-planus0-backupside/prefetch_off/total/eager,8960.410118,8880.34772875,8878.30328925,8881.66379925,-0.8788249389591107,0.01482003340633753,0.03785081327498663
grouped_s1,h32-l32-miss128-depth1-planus0-backupside/prefetch_off/total/graph,9153.604745749999,8799.414396,8802.061558,8801.36322975,-3.848118045118165,0.022147311881193232,-0.007933689686179246
grouped_s1,h32-l32-miss128-depth1-planus0-backupside/prefetch_on/total/eager,9008.782387,9010.7901095,9002.55870825,9008.38732725,-0.004385273536733347,-0.02666561112621979,0.06474402654723654
grouped_s1,h32-l32-miss128-depth1-planus0-backupside/prefetch_on/total/graph,8957.197427750001,8917.1459675,8921.1552145,8921.676397250001,-0.3965641126760677,0.05080582695979885,0.005842099341046847
grouped_s1,h32-l64-miss128-depth1-planus0-backupside/prefetch_off/total/eager,17917.446136500002,17716.38107275,17717.428207499997,17721.90141675,-1.0913649091521815,0.031159546508585656,0.025247508823600384
grouped_s1,h32-l64-miss128-depth1-planus0-backupside/prefetch_off/total/graph,18300.36067975,17583.317756750002,17589.386463000003,17591.81976325,-3.871731977851256,0.04835268643619273,0.013833912030514206
grouped_s1,h32-l64-miss128-depth1-planus0-backupside/prefetch_on/total/eager,18014.372349,18011.22188575,18018.51940125,18023.71978775,0.05188878396042984,0.06938952881307969,0.02886134195709822
grouped_s1,h32-l64-miss128-depth1-planus0-backupside/prefetch_on/total/graph,17942.389011249998,17842.37718575,17833.4736825,17839.49661275,-0.5734598577451511,-0.016144558373643036,0.03377317485775411
grouped_s1,h32-l8-miss32-depth1-planus0-backupside/prefetch_off/total/eager,1749.802977,1753.86250025,1752.2227465,1753.2227635,0.1954383747742261,-0.03647587823497611,0.057071339930803155
grouped_s1,h32-l8-miss32-depth1-planus0-backupside/prefetch_off/total/graph,1775.07424325,1718.20473675,1719.4922864999999,1718.94198625,-3.1622484081131774,0.04290812871314831,-0.03200364749063045
grouped_s1,h32-l8-miss32-depth1-planus0-backupside/prefetch_on/total/eager,1755.25349375,1754.3219924999999,1753.59299775,1754.23377775,-0.05809508447816025,-0.005028424107833551,0.03654097620269248
grouped_s1,h32-l8-miss32-depth1-planus0-backupside/prefetch_on/total/graph,1731.9747805000002,1739.042759,1737.98149825,1738.9119865000002,0.4005373564387238,-0.0075197978498753315,0.05353844393263252
grouped_s22,h32-l32-miss128-depth1-planus0-backupside-splits22/prefetch_off/total/eager,11589.231968,10965.952396249999,11017.441511,11028.183460249998,-4.841118974054193,0.5674934720789171,0.09749948968889033
grouped_s22,h32-l32-miss128-depth1-planus0-backupside-splits22/prefetch_off/total/graph,11511.61980625,10849.1487505,10910.169363,10911.596536500001,-5.212327021295726,0.5756007907728566,0.01308113057199023
grouped_s22,h32-l32-miss128-depth1-planus0-backupside-splits22/prefetch_on/total/eager,11814.43715075,11033.15377225,11077.06308375,11086.173772999999,-6.164181741859531,0.4805516341424676,0.08224823837434947
grouped_s22,h32-l32-miss128-depth1-planus0-backupside-splits22/prefetch_on/total/graph,11576.51305175,10910.58921825,10969.4805145,10974.8318195,-5.197430604192565,0.5888096413944499,0.048783577243494136
grouped_s22,h32-l64-miss128-depth1-planus0-backupside-splits22/prefetch_off/total/eager,23153.966427,21759.41944125,21871.652603000002,21780.182361500003,-5.933255841202301,0.09542037785550406,-0.4182136721001761
grouped_s22,h32-l64-miss128-depth1-planus0-backupside-splits22/prefetch_off/total/graph,23008.954525,21601.870537,21718.25838075,21604.005813750002,-6.106095388747345,0.009884684506111796,-0.5260668926439727
grouped_s22,h32-l64-miss128-depth1-planus0-backupside-splits22/prefetch_on/total/eager,23625.014782,21910.2954865,22026.050090750003,21913.94567475,-7.24261602813332,0.016659694307863404,-0.5089628668695445
grouped_s22,h32-l64-miss128-depth1-planus0-backupside-splits22/prefetch_on/total/graph,23123.345375250003,21721.959114,21842.87261975,21742.39015575,-5.972125560076202,0.09405708593213102,-0.46002403506737455
grouped_s22,h32-l8-miss32-depth1-planus0-backupside-splits22/prefetch_off/total/eager,2401.62247425,2276.51000025,2272.5580335,2272.277236,-5.385743997519555,-0.1859321614899656,-0.012356010093506065
grouped_s22,h32-l8-miss32-depth1-planus0-backupside-splits22/prefetch_off/total/graph,2377.67374525,2189.36777125,2187.68626475,2186.76596875,-8.029183014759123,-0.11883807435945082,-0.04206709228964378
grouped_s22,h32-l8-miss32-depth1-planus0-backupside-splits22/prefetch_on/total/eager,2425.91357225,2290.239513,2289.6277307500004,2291.23848675,-5.551520344357974,0.043618745739459897,0.07035012628326953
grouped_s22,h32-l8-miss32-depth1-planus0-backupside-splits22/prefetch_on/total/graph,2392.92508375,2203.358531,2203.476727,2202.5574445,-7.955436655445592,-0.03635751915672669,-0.04171963736833151
dispatch,256/1024/1/eager/parallel,202.88675,203.75625,202.60625,203.62675,0.3647354989914309,-0.06355633262783433,0.5036863374155542
dispatch,256/1024/1/eager/serial,351.8215,352.86125000000004,347.88125,355.251,0.974784087953684,0.6772492020588716,2.1184671493505114
dispatch,256/1024/1/eager/wide,180.8655,180.806,182.83599999999998,184.846,2.2008066767846834,2.2344391225954885,1.0993458618652863
dispatch,256/1024/1/graph/parallel,211.68675000000002,205.32675,206.86675,207.547,-1.9556018503756212,1.0813252535288198,0.32883486592214517
dispatch,256/1024/1/graph/serial,348.601,345.331,347.52099999999996,349.16125,0.16071382468783035,1.1091532471744436,0.47198586560237565
dispatch,256/1024/1/graph/wide,188.046,188.906,191.166,191.086,1.6166257192389288,1.1540131070479465,-0.04184844585333192
dispatch,256/1024/16/eager/parallel,2443.759,2443.17825,2437.238,2433.86825,-0.4047350823055851,-0.3810610216426036,-0.13826101513270128
dispatch,256/1024/16/eager/serial,4788.4145,4785.45325,4779.03325,4761.4932499999995,-0.562216366189694,-0.5006840261160272,-0.367019836072513
dispatch,256/1024/16/graph/parallel,2450.0789999999997,2426.788,2430.46825,2427.01775,-0.941245159849935,0.00946724641790464,-0.14196852808094906
dispatch,256/1024/16/graph/serial,4805.224499999999,4809.5545,4787.64275,4780.36375,-0.5173691676632175,-0.6069325131880632,-0.15203724212713432
dispatch,256/1024/256/eager/parallel,36615.796749999994,36485.64275,36566.234500000006,36461.27225,-0.4220159431598147,-0.06679476682646124,-0.2870469202947423
dispatch,256/1024/256/eager/serial,71603.49225000001,71162.60175,71397.375,71204.8555,-0.5567280833289279,0.059376342293449014,-0.26964506748321515
dispatch,256/1024/256/graph/parallel,36763.09775,36593.86125,36674.80375000001,36598.88875,-0.44666801779510434,0.013738643117355842,-0.20699497267250289
dispatch,256/1024/256/graph/serial,71754.1405,71225.69725,71458.86525,71278.29500000001,-0.6631610338918126,0.07384659193352405,-0.2526911802591014
dispatch,256/1024/4/eager/parallel,689.49225,690.30225,695.3725000000001,694.512,0.7280357393429693,0.6098415585346739,-0.12374662501035694
dispatch,256/1024/4/eager/serial,1300.63175,1300.93125,1314.0720000000001,1316.6622499999999,1.2325164290353463,1.2092107096358662,0.1971162919535363
dispatch,256/1024/4/graph/parallel,706.6030000000001,703.1725,703.00275,697.01225,-1.3573038891711575,-0.8760652613690079,-0.8521303792908386
dispatch,256/1024/4/graph/serial,1312.932,1315.3319999999999,1321.87225,1326.49275,1.0328600414948985,0.8485120106558552,0.3495420983381736
dispatch,256/256/1/eager/parallel,69.97125,70.01150000000001,69.94125,70.03150000000001,0.08610679386178433,0.028566735464874426,0.12903687023038124
dispatch,256/256/1/eager/serial,85.60175000000001,85.59174999999999,85.712,85.591,-0.012558154477004813,-0.0008762526762184919,-0.14117043121151251
dispatch,256/256/1/eager/wide,49.131,49.07025,48.021,48.901250000000005,-0.4676273635789929,-0.3444041960250832,1.8330522063264132
dispatch,256/256/1/graph/parallel,76.946,71.852,71.5515,70.06125,-8.947508642424552,-2.4922757891220892,-2.0827655604704343
dispatch,256/256/1/graph/serial,91.112,90.042,90.00200000000001,89.84174999999999,-1.3941632276758376,-0.22239621509962948,-0.1780515988533793
dispatch,256/256/1/graph/wide,56.17425,55.6215,54.771249999999995,55.7515,-0.7525690151626407,0.23372257130787055,1.7897163201497257
dispatch,256/256/16/eager/parallel,649.40825,649.3675000000001,649.0972499999999,649.1474999999999,-0.040151938322319225,-0.033879120836832755,0.00774152101246095
dispatch,256/256/16/eager/serial,1205.9425,1206.2224999999999,1207.09125,1207.1315,0.09859508226965907,0.0753592309876483,0.0033344620798070324
dispatch,256/256/16/graph/parallel,632.718,628.6675,628.7675,626.96775,-0.9088171981830651,-0.27037344860358914,-0.2862345779640396
dispatch,256/256/16/graph/serial,1212.61425,1212.8422500000001,1213.53375,1212.893,0.02298752468066212,0.004184385891892184,-0.05280034444860027
dispatch,256/256/256/eager/parallel,9827.799500000001,9813.572,9829.17325,9815.81825,-0.12191182776979392,0.022889219134492045,-0.13587104083244705
dispatch,256/256/256/eager/serial,18511.5625,18483.44775,18508.90075,18481.80925,-0.16072792342624043,-0.008864688136989152,-0.1463701187116806
dispatch,256/256/256/graph/parallel,9526.83425,9513.712,9513.252,9512.92325,-0.14601912487350877,-0.008290665094756733,-0.0034557057881023923
dispatch,256/256/256/graph/serial,18486.06375,18501.00875,18516.85575,18504.108,0.09761001716765971,0.016751789277424933,-0.06884403147116025
dispatch,256/256/4/eager/parallel,184.12425000000002,184.51425,183.934,185.615,0.809643488025058,0.5965663898587881,0.9139147737775577
dispatch,256/256/4/eager/serial,309.46825,308.947,309.02700000000004,308.47775,-0.32006514400103603,-0.15188689322116478,-0.17773527879442197
dispatch,256/256/4/graph/parallel,194.865,190.6445,188.335,187.964,-3.5414261155158777,-1.4060201054842847,-0.19698940717339797
dispatch,256/256/4/graph/serial,316.55825,315.19725,315.20750000000004,315.0575,-0.4740833638042896,-0.04433731576021227,-0.047587700165774294
dispatch,64/8192/1/eager/parallel,1544.27025,1546.31,1545.07075,1543.48,-0.051173037879870265,-0.18301634213061524,-0.10295645037614598
dispatch,64/8192/1/eager/serial,2878.974,2884.2735000000002,2882.4035,2878.49375,-0.016681289931763654,-0.2003884167018244,-0.13564200848353858
dispatch,64/8192/1/eager/wide,1443.7669999999998,1440.15675,1442.717,1439.597,-0.28882776791544496,-0.03886729691057189,-0.2162586286846402
dispatch,64/8192/1/graph/parallel,1553.481,1546.0005,1544.59,1543.46,-0.6450674324307792,-0.16432724310244673,-0.07315857282513827
dispatch,64/8192/1/graph/serial,2882.8135,2890.06475,2885.9235,2881.7735000000002,-0.036075868244689335,-0.28688803598603263,-0.14380145558258173
dispatch,64/8192/1/graph/wide,1447.8575,1447.387,1449.427,1446.797,-0.07324615854806815,-0.04076311311348446,-0.18145101478032055
waiter,alone,3164.719,3155.56425,3160.75975,3168.46675,0.11842283627709893,0.4088809156714168,0.2438337807864066
waiter,pending_wait,5248.66975,3242.8894999999998,3244.22775,3254.4605,-37.99456519435233,0.3568114177186832,0.3154140457617416
waiter,ready_wait,3165.0282500000003,3156.34525,3161.19425,3168.3655,0.1054413969290735,0.38082811124671156,0.22685255738397192
